rate_date,from_currency_code,to_currency_code,exchange_rate,rate_source
2024-08-01,EUR,PLN,4.3046,ECB_REFERENCE
2024-08-01,EUR,RON,4.9569,ECB_REFERENCE
2024-08-01,EUR,EUR,1.0,ECB_REFERENCE
2024-08-02,EUR,PLN,4.3159,ECB_REFERENCE
2024-08-02,EUR,RON,4.9732,ECB_REFERENCE
2024-08-02,EUR,EUR,1.0,ECB_REFERENCE
2024-08-03,EUR,PLN,4.2864,ECB_REFERENCE
2024-08-03,EUR,RON,4.9505,ECB_REFERENCE
2024-08-03,EUR,EUR,1.0,ECB_REFERENCE
2024-08-04,EUR,PLN,4.2883,ECB_REFERENCE
2024-08-04,EUR,RON,4.9451,ECB_REFERENCE
2024-08-04,EUR,EUR,1.0,ECB_REFERENCE
2024-08-05,EUR,PLN,4.2881,ECB_REFERENCE
2024-08-05,EUR,RON,4.9303,ECB_REFERENCE
2024-08-05,EUR,EUR,1.0,ECB_REFERENCE
2024-08-06,EUR,PLN,4.3013,ECB_REFERENCE
2024-08-06,EUR,RON,4.9437,ECB_REFERENCE
2024-08-06,EUR,EUR,1.0,ECB_REFERENCE
2024-08-07,EUR,PLN,4.3023,ECB_REFERENCE
2024-08-07,EUR,RON,4.9632,ECB_REFERENCE
2024-08-07,EUR,EUR,1.0,ECB_REFERENCE
2024-08-08,EUR,PLN,4.3093,ECB_REFERENCE
2024-08-08,EUR,RON,4.9483,ECB_REFERENCE
2024-08-08,EUR,EUR,1.0,ECB_REFERENCE
2024-08-09,EUR,PLN,4.3149,ECB_REFERENCE
2024-08-09,EUR,RON,4.9317,ECB_REFERENCE
2024-08-09,EUR,EUR,1.0,ECB_REFERENCE
2024-08-10,EUR,PLN,4.3281,ECB_REFERENCE
2024-08-10,EUR,RON,4.9308,ECB_REFERENCE
2024-08-10,EUR,EUR,1.0,ECB_REFERENCE
2024-08-11,EUR,PLN,4.3253,ECB_REFERENCE
2024-08-11,EUR,RON,4.9191,ECB_REFERENCE
2024-08-11,EUR,EUR,1.0,ECB_REFERENCE
2024-08-12,EUR,PLN,4.3439,ECB_REFERENCE
2024-08-12,EUR,RON,4.9164,ECB_REFERENCE
2024-08-12,EUR,EUR,1.0,ECB_REFERENCE
2024-08-13,EUR,PLN,4.3373,ECB_REFERENCE
2024-08-13,EUR,RON,4.9104,ECB_REFERENCE
2024-08-13,EUR,EUR,1.0,ECB_REFERENCE
2024-08-14,EUR,PLN,4.3454,ECB_REFERENCE
2024-08-14,EUR,RON,4.9166,ECB_REFERENCE
2024-08-14,EUR,EUR,1.0,ECB_REFERENCE
2024-08-15,EUR,PLN,4.3517,ECB_REFERENCE
2024-08-15,EUR,RON,4.9241,ECB_REFERENCE
2024-08-15,EUR,EUR,1.0,ECB_REFERENCE
2024-08-16,EUR,PLN,4.3843,ECB_REFERENCE
2024-08-16,EUR,RON,4.917,ECB_REFERENCE
2024-08-16,EUR,EUR,1.0,ECB_REFERENCE
2024-08-17,EUR,PLN,4.3765,ECB_REFERENCE
2024-08-17,EUR,RON,4.903,ECB_REFERENCE
2024-08-17,EUR,EUR,1.0,ECB_REFERENCE
2024-08-18,EUR,PLN,4.3859,ECB_REFERENCE
2024-08-18,EUR,RON,4.9224,ECB_REFERENCE
2024-08-18,EUR,EUR,1.0,ECB_REFERENCE
2024-08-19,EUR,PLN,4.3841,ECB_REFERENCE
2024-08-19,EUR,RON,4.9079,ECB_REFERENCE
2024-08-19,EUR,EUR,1.0,ECB_REFERENCE
2024-08-20,EUR,PLN,4.3715,ECB_REFERENCE
2024-08-20,EUR,RON,4.9191,ECB_REFERENCE
2024-08-20,EUR,EUR,1.0,ECB_REFERENCE
2024-08-21,EUR,PLN,4.3829,ECB_REFERENCE
2024-08-21,EUR,RON,4.9285,ECB_REFERENCE
2024-08-21,EUR,EUR,1.0,ECB_REFERENCE
2024-08-22,EUR,PLN,4.3727,ECB_REFERENCE
2024-08-22,EUR,RON,4.9325,ECB_REFERENCE
2024-08-22,EUR,EUR,1.0,ECB_REFERENCE
2024-08-23,EUR,PLN,4.3744,ECB_REFERENCE
2024-08-23,EUR,RON,4.9363,ECB_REFERENCE
2024-08-23,EUR,EUR,1.0,ECB_REFERENCE
2024-08-24,EUR,PLN,4.3878,ECB_REFERENCE
2024-08-24,EUR,RON,4.9401,ECB_REFERENCE
2024-08-24,EUR,EUR,1.0,ECB_REFERENCE
2024-08-25,EUR,PLN,4.3982,ECB_REFERENCE
2024-08-25,EUR,RON,4.9413,ECB_REFERENCE
2024-08-25,EUR,EUR,1.0,ECB_REFERENCE
2024-08-26,EUR,PLN,4.4027,ECB_REFERENCE
2024-08-26,EUR,RON,4.9522,ECB_REFERENCE
2024-08-26,EUR,EUR,1.0,ECB_REFERENCE
2024-08-27,EUR,PLN,4.3802,ECB_REFERENCE
2024-08-27,EUR,RON,4.9467,ECB_REFERENCE
2024-08-27,EUR,EUR,1.0,ECB_REFERENCE
2024-08-28,EUR,PLN,4.373,ECB_REFERENCE
2024-08-28,EUR,RON,4.9356,ECB_REFERENCE
2024-08-28,EUR,EUR,1.0,ECB_REFERENCE
2024-08-29,EUR,PLN,4.3688,ECB_REFERENCE
2024-08-29,EUR,RON,4.9614,ECB_REFERENCE
2024-08-29,EUR,EUR,1.0,ECB_REFERENCE
2024-08-30,EUR,PLN,4.3555,ECB_REFERENCE
2024-08-30,EUR,RON,4.9782,ECB_REFERENCE
2024-08-30,EUR,EUR,1.0,ECB_REFERENCE
2024-08-31,EUR,PLN,4.3299,ECB_REFERENCE
2024-08-31,EUR,RON,4.9724,ECB_REFERENCE
2024-08-31,EUR,EUR,1.0,ECB_REFERENCE
2024-09-01,EUR,PLN,4.3324,ECB_REFERENCE
2024-09-01,EUR,RON,4.9826,ECB_REFERENCE
2024-09-01,EUR,EUR,1.0,ECB_REFERENCE
2024-09-02,EUR,PLN,4.3431,ECB_REFERENCE
2024-09-02,EUR,RON,4.9964,ECB_REFERENCE
2024-09-02,EUR,EUR,1.0,ECB_REFERENCE
2024-09-03,EUR,PLN,4.3378,ECB_REFERENCE
2024-09-03,EUR,RON,4.9884,ECB_REFERENCE
2024-09-03,EUR,EUR,1.0,ECB_REFERENCE
2024-09-04,EUR,PLN,4.3509,ECB_REFERENCE
2024-09-04,EUR,RON,4.985,ECB_REFERENCE
2024-09-04,EUR,EUR,1.0,ECB_REFERENCE
2024-09-05,EUR,PLN,4.3314,ECB_REFERENCE
2024-09-05,EUR,RON,4.9652,ECB_REFERENCE
2024-09-05,EUR,EUR,1.0,ECB_REFERENCE
2024-09-06,EUR,PLN,4.3175,ECB_REFERENCE
2024-09-06,EUR,RON,4.9739,ECB_REFERENCE
2024-09-06,EUR,EUR,1.0,ECB_REFERENCE
2024-09-07,EUR,PLN,4.3197,ECB_REFERENCE
2024-09-07,EUR,RON,4.9859,ECB_REFERENCE
2024-09-07,EUR,EUR,1.0,ECB_REFERENCE
2024-09-08,EUR,PLN,4.3132,ECB_REFERENCE
2024-09-08,EUR,RON,4.9887,ECB_REFERENCE
2024-09-08,EUR,EUR,1.0,ECB_REFERENCE
2024-09-09,EUR,PLN,4.3226,ECB_REFERENCE
2024-09-09,EUR,RON,4.9833,ECB_REFERENCE
2024-09-09,EUR,EUR,1.0,ECB_REFERENCE
2024-09-10,EUR,PLN,4.3296,ECB_REFERENCE
2024-09-10,EUR,RON,4.9717,ECB_REFERENCE
2024-09-10,EUR,EUR,1.0,ECB_REFERENCE
2024-09-11,EUR,PLN,4.324,ECB_REFERENCE
2024-09-11,EUR,RON,4.9651,ECB_REFERENCE
2024-09-11,EUR,EUR,1.0,ECB_REFERENCE
2024-09-12,EUR,PLN,4.306,ECB_REFERENCE
2024-09-12,EUR,RON,4.9735,ECB_REFERENCE
2024-09-12,EUR,EUR,1.0,ECB_REFERENCE
2024-09-13,EUR,PLN,4.2989,ECB_REFERENCE
2024-09-13,EUR,RON,4.9738,ECB_REFERENCE
2024-09-13,EUR,EUR,1.0,ECB_REFERENCE
2024-09-14,EUR,PLN,4.3061,ECB_REFERENCE
2024-09-14,EUR,RON,4.9815,ECB_REFERENCE
2024-09-14,EUR,EUR,1.0,ECB_REFERENCE
2024-09-15,EUR,PLN,4.3161,ECB_REFERENCE
2024-09-15,EUR,RON,4.9798,ECB_REFERENCE
2024-09-15,EUR,EUR,1.0,ECB_REFERENCE
2024-09-16,EUR,PLN,4.3097,ECB_REFERENCE
2024-09-16,EUR,RON,4.9784,ECB_REFERENCE
2024-09-16,EUR,EUR,1.0,ECB_REFERENCE
2024-09-17,EUR,PLN,4.2843,ECB_REFERENCE
2024-09-17,EUR,RON,4.9532,ECB_REFERENCE
2024-09-17,EUR,EUR,1.0,ECB_REFERENCE
2024-09-18,EUR,PLN,4.2645,ECB_REFERENCE
2024-09-18,EUR,RON,4.9359,ECB_REFERENCE
2024-09-18,EUR,EUR,1.0,ECB_REFERENCE
2024-09-19,EUR,PLN,4.2704,ECB_REFERENCE
2024-09-19,EUR,RON,4.9203,ECB_REFERENCE
2024-09-19,EUR,EUR,1.0,ECB_REFERENCE
2024-09-20,EUR,PLN,4.2648,ECB_REFERENCE
2024-09-20,EUR,RON,4.9427,ECB_REFERENCE
2024-09-20,EUR,EUR,1.0,ECB_REFERENCE
2024-09-21,EUR,PLN,4.2595,ECB_REFERENCE
2024-09-21,EUR,RON,4.9554,ECB_REFERENCE
2024-09-21,EUR,EUR,1.0,ECB_REFERENCE
2024-09-22,EUR,PLN,4.2455,ECB_REFERENCE
2024-09-22,EUR,RON,4.9518,ECB_REFERENCE
2024-09-22,EUR,EUR,1.0,ECB_REFERENCE
2024-09-23,EUR,PLN,4.2314,ECB_REFERENCE
2024-09-23,EUR,RON,4.946,ECB_REFERENCE
2024-09-23,EUR,EUR,1.0,ECB_REFERENCE
2024-09-24,EUR,PLN,4.2439,ECB_REFERENCE
2024-09-24,EUR,RON,4.9161,ECB_REFERENCE
2024-09-24,EUR,EUR,1.0,ECB_REFERENCE
2024-09-25,EUR,PLN,4.2503,ECB_REFERENCE
2024-09-25,EUR,RON,4.9202,ECB_REFERENCE
2024-09-25,EUR,EUR,1.0,ECB_REFERENCE
2024-09-26,EUR,PLN,4.2415,ECB_REFERENCE
2024-09-26,EUR,RON,4.8953,ECB_REFERENCE
2024-09-26,EUR,EUR,1.0,ECB_REFERENCE
2024-09-27,EUR,PLN,4.2425,ECB_REFERENCE
2024-09-27,EUR,RON,4.8862,ECB_REFERENCE
2024-09-27,EUR,EUR,1.0,ECB_REFERENCE
2024-09-28,EUR,PLN,4.246,ECB_REFERENCE
2024-09-28,EUR,RON,4.8866,ECB_REFERENCE
2024-09-28,EUR,EUR,1.0,ECB_REFERENCE
2024-09-29,EUR,PLN,4.2698,ECB_REFERENCE
2024-09-29,EUR,RON,4.8825,ECB_REFERENCE
2024-09-29,EUR,EUR,1.0,ECB_REFERENCE
2024-09-30,EUR,PLN,4.2545,ECB_REFERENCE
2024-09-30,EUR,RON,4.8855,ECB_REFERENCE
2024-09-30,EUR,EUR,1.0,ECB_REFERENCE
2024-10-01,EUR,PLN,4.2578,ECB_REFERENCE
2024-10-01,EUR,RON,4.9088,ECB_REFERENCE
2024-10-01,EUR,EUR,1.0,ECB_REFERENCE
2024-10-02,EUR,PLN,4.2702,ECB_REFERENCE
2024-10-02,EUR,RON,4.9149,ECB_REFERENCE
2024-10-02,EUR,EUR,1.0,ECB_REFERENCE
2024-10-03,EUR,PLN,4.2921,ECB_REFERENCE
2024-10-03,EUR,RON,4.8945,ECB_REFERENCE
2024-10-03,EUR,EUR,1.0,ECB_REFERENCE
2024-10-04,EUR,PLN,4.2825,ECB_REFERENCE
2024-10-04,EUR,RON,4.8786,ECB_REFERENCE
2024-10-04,EUR,EUR,1.0,ECB_REFERENCE
2024-10-05,EUR,PLN,4.2767,ECB_REFERENCE
2024-10-05,EUR,RON,4.8551,ECB_REFERENCE
2024-10-05,EUR,EUR,1.0,ECB_REFERENCE
2024-10-06,EUR,PLN,4.2862,ECB_REFERENCE
2024-10-06,EUR,RON,4.8513,ECB_REFERENCE
2024-10-06,EUR,EUR,1.0,ECB_REFERENCE
2024-10-07,EUR,PLN,4.2641,ECB_REFERENCE
2024-10-07,EUR,RON,4.8341,ECB_REFERENCE
2024-10-07,EUR,EUR,1.0,ECB_REFERENCE
2024-10-08,EUR,PLN,4.2688,ECB_REFERENCE
2024-10-08,EUR,RON,4.8482,ECB_REFERENCE
2024-10-08,EUR,EUR,1.0,ECB_REFERENCE
2024-10-09,EUR,PLN,4.2986,ECB_REFERENCE
2024-10-09,EUR,RON,4.8977,ECB_REFERENCE
2024-10-09,EUR,EUR,1.0,ECB_REFERENCE
2024-10-10,EUR,PLN,4.3048,ECB_REFERENCE
2024-10-10,EUR,RON,4.8807,ECB_REFERENCE
2024-10-10,EUR,EUR,1.0,ECB_REFERENCE
2024-10-11,EUR,PLN,4.2727,ECB_REFERENCE
2024-10-11,EUR,RON,4.8853,ECB_REFERENCE
2024-10-11,EUR,EUR,1.0,ECB_REFERENCE
2024-10-12,EUR,PLN,4.2606,ECB_REFERENCE
2024-10-12,EUR,RON,4.8782,ECB_REFERENCE
2024-10-12,EUR,EUR,1.0,ECB_REFERENCE
2024-10-13,EUR,PLN,4.2514,ECB_REFERENCE
2024-10-13,EUR,RON,4.8758,ECB_REFERENCE
2024-10-13,EUR,EUR,1.0,ECB_REFERENCE
2024-10-14,EUR,PLN,4.2673,ECB_REFERENCE
2024-10-14,EUR,RON,4.8785,ECB_REFERENCE
2024-10-14,EUR,EUR,1.0,ECB_REFERENCE
2024-10-15,EUR,PLN,4.2649,ECB_REFERENCE
2024-10-15,EUR,RON,4.8608,ECB_REFERENCE
2024-10-15,EUR,EUR,1.0,ECB_REFERENCE
2024-10-16,EUR,PLN,4.2399,ECB_REFERENCE
2024-10-16,EUR,RON,4.8525,ECB_REFERENCE
2024-10-16,EUR,EUR,1.0,ECB_REFERENCE
2024-10-17,EUR,PLN,4.2391,ECB_REFERENCE
2024-10-17,EUR,RON,4.8825,ECB_REFERENCE
2024-10-17,EUR,EUR,1.0,ECB_REFERENCE
2024-10-18,EUR,PLN,4.2411,ECB_REFERENCE
2024-10-18,EUR,RON,4.8993,ECB_REFERENCE
2024-10-18,EUR,EUR,1.0,ECB_REFERENCE
2024-10-19,EUR,PLN,4.2336,ECB_REFERENCE
2024-10-19,EUR,RON,4.879,ECB_REFERENCE
2024-10-19,EUR,EUR,1.0,ECB_REFERENCE
2024-10-20,EUR,PLN,4.2193,ECB_REFERENCE
2024-10-20,EUR,RON,4.8666,ECB_REFERENCE
2024-10-20,EUR,EUR,1.0,ECB_REFERENCE
2024-10-21,EUR,PLN,4.2508,ECB_REFERENCE
2024-10-21,EUR,RON,4.8526,ECB_REFERENCE
2024-10-21,EUR,EUR,1.0,ECB_REFERENCE
2024-10-22,EUR,PLN,4.2633,ECB_REFERENCE
2024-10-22,EUR,RON,4.8373,ECB_REFERENCE
2024-10-22,EUR,EUR,1.0,ECB_REFERENCE
2024-10-23,EUR,PLN,4.2772,ECB_REFERENCE
2024-10-23,EUR,RON,4.8438,ECB_REFERENCE
2024-10-23,EUR,EUR,1.0,ECB_REFERENCE
2024-10-24,EUR,PLN,4.2748,ECB_REFERENCE
2024-10-24,EUR,RON,4.8431,ECB_REFERENCE
2024-10-24,EUR,EUR,1.0,ECB_REFERENCE
2024-10-25,EUR,PLN,4.265,ECB_REFERENCE
2024-10-25,EUR,RON,4.8507,ECB_REFERENCE
2024-10-25,EUR,EUR,1.0,ECB_REFERENCE
2024-10-26,EUR,PLN,4.2582,ECB_REFERENCE
2024-10-26,EUR,RON,4.8299,ECB_REFERENCE
2024-10-26,EUR,EUR,1.0,ECB_REFERENCE
2024-10-27,EUR,PLN,4.2392,ECB_REFERENCE
2024-10-27,EUR,RON,4.8328,ECB_REFERENCE
2024-10-27,EUR,EUR,1.0,ECB_REFERENCE
2024-10-28,EUR,PLN,4.2626,ECB_REFERENCE
2024-10-28,EUR,RON,4.8355,ECB_REFERENCE
2024-10-28,EUR,EUR,1.0,ECB_REFERENCE
2024-10-29,EUR,PLN,4.2608,ECB_REFERENCE
2024-10-29,EUR,RON,4.8403,ECB_REFERENCE
2024-10-29,EUR,EUR,1.0,ECB_REFERENCE
2024-10-30,EUR,PLN,4.2803,ECB_REFERENCE
2024-10-30,EUR,RON,4.8441,ECB_REFERENCE
2024-10-30,EUR,EUR,1.0,ECB_REFERENCE
2024-10-31,EUR,PLN,4.2742,ECB_REFERENCE
2024-10-31,EUR,RON,4.8628,ECB_REFERENCE
2024-10-31,EUR,EUR,1.0,ECB_REFERENCE
2024-11-01,EUR,PLN,4.2806,ECB_REFERENCE
2024-11-01,EUR,RON,4.889,ECB_REFERENCE
2024-11-01,EUR,EUR,1.0,ECB_REFERENCE
2024-11-02,EUR,PLN,4.2833,ECB_REFERENCE
2024-11-02,EUR,RON,4.868,ECB_REFERENCE
2024-11-02,EUR,EUR,1.0,ECB_REFERENCE
2024-11-03,EUR,PLN,4.2628,ECB_REFERENCE
2024-11-03,EUR,RON,4.8961,ECB_REFERENCE
2024-11-03,EUR,EUR,1.0,ECB_REFERENCE
2024-11-04,EUR,PLN,4.2885,ECB_REFERENCE
2024-11-04,EUR,RON,4.8931,ECB_REFERENCE
2024-11-04,EUR,EUR,1.0,ECB_REFERENCE
2024-11-05,EUR,PLN,4.2828,ECB_REFERENCE
2024-11-05,EUR,RON,4.9181,ECB_REFERENCE
2024-11-05,EUR,EUR,1.0,ECB_REFERENCE
2024-11-06,EUR,PLN,4.2662,ECB_REFERENCE
2024-11-06,EUR,RON,4.9027,ECB_REFERENCE
2024-11-06,EUR,EUR,1.0,ECB_REFERENCE
2024-11-07,EUR,PLN,4.2758,ECB_REFERENCE
2024-11-07,EUR,RON,4.8959,ECB_REFERENCE
2024-11-07,EUR,EUR,1.0,ECB_REFERENCE
2024-11-08,EUR,PLN,4.2757,ECB_REFERENCE
2024-11-08,EUR,RON,4.8931,ECB_REFERENCE
2024-11-08,EUR,EUR,1.0,ECB_REFERENCE
2024-11-09,EUR,PLN,4.2808,ECB_REFERENCE
2024-11-09,EUR,RON,4.9172,ECB_REFERENCE
2024-11-09,EUR,EUR,1.0,ECB_REFERENCE
2024-11-10,EUR,PLN,4.2821,ECB_REFERENCE
2024-11-10,EUR,RON,4.9283,ECB_REFERENCE
2024-11-10,EUR,EUR,1.0,ECB_REFERENCE
2024-11-11,EUR,PLN,4.2514,ECB_REFERENCE
2024-11-11,EUR,RON,4.9275,ECB_REFERENCE
2024-11-11,EUR,EUR,1.0,ECB_REFERENCE
2024-11-12,EUR,PLN,4.2388,ECB_REFERENCE
2024-11-12,EUR,RON,4.9064,ECB_REFERENCE
2024-11-12,EUR,EUR,1.0,ECB_REFERENCE
2024-11-13,EUR,PLN,4.2258,ECB_REFERENCE
2024-11-13,EUR,RON,4.9007,ECB_REFERENCE
2024-11-13,EUR,EUR,1.0,ECB_REFERENCE
2024-11-14,EUR,PLN,4.2394,ECB_REFERENCE
2024-11-14,EUR,RON,4.8779,ECB_REFERENCE
2024-11-14,EUR,EUR,1.0,ECB_REFERENCE
2024-11-15,EUR,PLN,4.2398,ECB_REFERENCE
2024-11-15,EUR,RON,4.8697,ECB_REFERENCE
2024-11-15,EUR,EUR,1.0,ECB_REFERENCE
2024-11-16,EUR,PLN,4.2349,ECB_REFERENCE
2024-11-16,EUR,RON,4.8868,ECB_REFERENCE
2024-11-16,EUR,EUR,1.0,ECB_REFERENCE
2024-11-17,EUR,PLN,4.2429,ECB_REFERENCE
2024-11-17,EUR,RON,4.9096,ECB_REFERENCE
2024-11-17,EUR,EUR,1.0,ECB_REFERENCE
2024-11-18,EUR,PLN,4.2406,ECB_REFERENCE
2024-11-18,EUR,RON,4.8977,ECB_REFERENCE
2024-11-18,EUR,EUR,1.0,ECB_REFERENCE
2024-11-19,EUR,PLN,4.2373,ECB_REFERENCE
2024-11-19,EUR,RON,4.9018,ECB_REFERENCE
2024-11-19,EUR,EUR,1.0,ECB_REFERENCE
2024-11-20,EUR,PLN,4.2399,ECB_REFERENCE
2024-11-20,EUR,RON,4.8832,ECB_REFERENCE
2024-11-20,EUR,EUR,1.0,ECB_REFERENCE
2024-11-21,EUR,PLN,4.2413,ECB_REFERENCE
2024-11-21,EUR,RON,4.8871,ECB_REFERENCE
2024-11-21,EUR,EUR,1.0,ECB_REFERENCE
2024-11-22,EUR,PLN,4.2786,ECB_REFERENCE
2024-11-22,EUR,RON,4.9192,ECB_REFERENCE
2024-11-22,EUR,EUR,1.0,ECB_REFERENCE
2024-11-23,EUR,PLN,4.2659,ECB_REFERENCE
2024-11-23,EUR,RON,4.9143,ECB_REFERENCE
2024-11-23,EUR,EUR,1.0,ECB_REFERENCE
2024-11-24,EUR,PLN,4.244,ECB_REFERENCE
2024-11-24,EUR,RON,4.9041,ECB_REFERENCE
2024-11-24,EUR,EUR,1.0,ECB_REFERENCE
2024-11-25,EUR,PLN,4.2487,ECB_REFERENCE
2024-11-25,EUR,RON,4.9248,ECB_REFERENCE
2024-11-25,EUR,EUR,1.0,ECB_REFERENCE
2024-11-26,EUR,PLN,4.2379,ECB_REFERENCE
2024-11-26,EUR,RON,4.9136,ECB_REFERENCE
2024-11-26,EUR,EUR,1.0,ECB_REFERENCE
2024-11-27,EUR,PLN,4.206,ECB_REFERENCE
2024-11-27,EUR,RON,4.9108,ECB_REFERENCE
2024-11-27,EUR,EUR,1.0,ECB_REFERENCE
2024-11-28,EUR,PLN,4.1904,ECB_REFERENCE
2024-11-28,EUR,RON,4.9017,ECB_REFERENCE
2024-11-28,EUR,EUR,1.0,ECB_REFERENCE
2024-11-29,EUR,PLN,4.1775,ECB_REFERENCE
2024-11-29,EUR,RON,4.9,ECB_REFERENCE
2024-11-29,EUR,EUR,1.0,ECB_REFERENCE
2024-11-30,EUR,PLN,4.1518,ECB_REFERENCE
2024-11-30,EUR,RON,4.8749,ECB_REFERENCE
2024-11-30,EUR,EUR,1.0,ECB_REFERENCE
2024-12-01,EUR,PLN,4.1828,ECB_REFERENCE
2024-12-01,EUR,RON,4.8529,ECB_REFERENCE
2024-12-01,EUR,EUR,1.0,ECB_REFERENCE
2024-12-02,EUR,PLN,4.1667,ECB_REFERENCE
2024-12-02,EUR,RON,4.8841,ECB_REFERENCE
2024-12-02,EUR,EUR,1.0,ECB_REFERENCE
2024-12-03,EUR,PLN,4.2091,ECB_REFERENCE
2024-12-03,EUR,RON,4.8641,ECB_REFERENCE
2024-12-03,EUR,EUR,1.0,ECB_REFERENCE
2024-12-04,EUR,PLN,4.2036,ECB_REFERENCE
2024-12-04,EUR,RON,4.8699,ECB_REFERENCE
2024-12-04,EUR,EUR,1.0,ECB_REFERENCE
2024-12-05,EUR,PLN,4.2291,ECB_REFERENCE
2024-12-05,EUR,RON,4.8531,ECB_REFERENCE
2024-12-05,EUR,EUR,1.0,ECB_REFERENCE
2024-12-06,EUR,PLN,4.2254,ECB_REFERENCE
2024-12-06,EUR,RON,4.8663,ECB_REFERENCE
2024-12-06,EUR,EUR,1.0,ECB_REFERENCE
2024-12-07,EUR,PLN,4.2319,ECB_REFERENCE
2024-12-07,EUR,RON,4.8599,ECB_REFERENCE
2024-12-07,EUR,EUR,1.0,ECB_REFERENCE
2024-12-08,EUR,PLN,4.2299,ECB_REFERENCE
2024-12-08,EUR,RON,4.8365,ECB_REFERENCE
2024-12-08,EUR,EUR,1.0,ECB_REFERENCE
2024-12-09,EUR,PLN,4.2264,ECB_REFERENCE
2024-12-09,EUR,RON,4.832,ECB_REFERENCE
2024-12-09,EUR,EUR,1.0,ECB_REFERENCE
2024-12-10,EUR,PLN,4.2298,ECB_REFERENCE
2024-12-10,EUR,RON,4.8226,ECB_REFERENCE
2024-12-10,EUR,EUR,1.0,ECB_REFERENCE
2024-12-11,EUR,PLN,4.2368,ECB_REFERENCE
2024-12-11,EUR,RON,4.8397,ECB_REFERENCE
2024-12-11,EUR,EUR,1.0,ECB_REFERENCE
2024-12-12,EUR,PLN,4.2391,ECB_REFERENCE
2024-12-12,EUR,RON,4.8456,ECB_REFERENCE
2024-12-12,EUR,EUR,1.0,ECB_REFERENCE
2024-12-13,EUR,PLN,4.2399,ECB_REFERENCE
2024-12-13,EUR,RON,4.8456,ECB_REFERENCE
2024-12-13,EUR,EUR,1.0,ECB_REFERENCE
2024-12-14,EUR,PLN,4.2292,ECB_REFERENCE
2024-12-14,EUR,RON,4.851,ECB_REFERENCE
2024-12-14,EUR,EUR,1.0,ECB_REFERENCE
2024-12-15,EUR,PLN,4.2277,ECB_REFERENCE
2024-12-15,EUR,RON,4.8866,ECB_REFERENCE
2024-12-15,EUR,EUR,1.0,ECB_REFERENCE
2024-12-16,EUR,PLN,4.251,ECB_REFERENCE
2024-12-16,EUR,RON,4.8932,ECB_REFERENCE
2024-12-16,EUR,EUR,1.0,ECB_REFERENCE
2024-12-17,EUR,PLN,4.2396,ECB_REFERENCE
2024-12-17,EUR,RON,4.8741,ECB_REFERENCE
2024-12-17,EUR,EUR,1.0,ECB_REFERENCE
2024-12-18,EUR,PLN,4.2573,ECB_REFERENCE
2024-12-18,EUR,RON,4.8786,ECB_REFERENCE
2024-12-18,EUR,EUR,1.0,ECB_REFERENCE
2024-12-19,EUR,PLN,4.2645,ECB_REFERENCE
2024-12-19,EUR,RON,4.8488,ECB_REFERENCE
2024-12-19,EUR,EUR,1.0,ECB_REFERENCE
2024-12-20,EUR,PLN,4.2783,ECB_REFERENCE
2024-12-20,EUR,RON,4.8565,ECB_REFERENCE
2024-12-20,EUR,EUR,1.0,ECB_REFERENCE
2024-12-21,EUR,PLN,4.2617,ECB_REFERENCE
2024-12-21,EUR,RON,4.8485,ECB_REFERENCE
2024-12-21,EUR,EUR,1.0,ECB_REFERENCE
2024-12-22,EUR,PLN,4.2656,ECB_REFERENCE
2024-12-22,EUR,RON,4.8494,ECB_REFERENCE
2024-12-22,EUR,EUR,1.0,ECB_REFERENCE
2024-12-23,EUR,PLN,4.2613,ECB_REFERENCE
2024-12-23,EUR,RON,4.8476,ECB_REFERENCE
2024-12-23,EUR,EUR,1.0,ECB_REFERENCE
2024-12-24,EUR,PLN,4.2575,ECB_REFERENCE
2024-12-24,EUR,RON,4.8502,ECB_REFERENCE
2024-12-24,EUR,EUR,1.0,ECB_REFERENCE
2024-12-25,EUR,PLN,4.2794,ECB_REFERENCE
2024-12-25,EUR,RON,4.8066,ECB_REFERENCE
2024-12-25,EUR,EUR,1.0,ECB_REFERENCE
2024-12-26,EUR,PLN,4.2759,ECB_REFERENCE
2024-12-26,EUR,RON,4.8096,ECB_REFERENCE
2024-12-26,EUR,EUR,1.0,ECB_REFERENCE
2024-12-27,EUR,PLN,4.2803,ECB_REFERENCE
2024-12-27,EUR,RON,4.8033,ECB_REFERENCE
2024-12-27,EUR,EUR,1.0,ECB_REFERENCE
2024-12-28,EUR,PLN,4.254,ECB_REFERENCE
2024-12-28,EUR,RON,4.8089,ECB_REFERENCE
2024-12-28,EUR,EUR,1.0,ECB_REFERENCE
2024-12-29,EUR,PLN,4.2797,ECB_REFERENCE
2024-12-29,EUR,RON,4.783,ECB_REFERENCE
2024-12-29,EUR,EUR,1.0,ECB_REFERENCE
2024-12-30,EUR,PLN,4.2927,ECB_REFERENCE
2024-12-30,EUR,RON,4.7775,ECB_REFERENCE
2024-12-30,EUR,EUR,1.0,ECB_REFERENCE
2024-12-31,EUR,PLN,4.2917,ECB_REFERENCE
2024-12-31,EUR,RON,4.7599,ECB_REFERENCE
2024-12-31,EUR,EUR,1.0,ECB_REFERENCE
2025-01-01,EUR,PLN,4.2867,ECB_REFERENCE
2025-01-01,EUR,RON,4.7816,ECB_REFERENCE
2025-01-01,EUR,EUR,1.0,ECB_REFERENCE
2025-01-02,EUR,PLN,4.2955,ECB_REFERENCE
2025-01-02,EUR,RON,4.8106,ECB_REFERENCE
2025-01-02,EUR,EUR,1.0,ECB_REFERENCE
2025-01-03,EUR,PLN,4.3132,ECB_REFERENCE
2025-01-03,EUR,RON,4.818,ECB_REFERENCE
2025-01-03,EUR,EUR,1.0,ECB_REFERENCE
2025-01-04,EUR,PLN,4.3395,ECB_REFERENCE
2025-01-04,EUR,RON,4.8254,ECB_REFERENCE
2025-01-04,EUR,EUR,1.0,ECB_REFERENCE
2025-01-05,EUR,PLN,4.3521,ECB_REFERENCE
2025-01-05,EUR,RON,4.8204,ECB_REFERENCE
2025-01-05,EUR,EUR,1.0,ECB_REFERENCE
2025-01-06,EUR,PLN,4.3531,ECB_REFERENCE
2025-01-06,EUR,RON,4.8086,ECB_REFERENCE
2025-01-06,EUR,EUR,1.0,ECB_REFERENCE
2025-01-07,EUR,PLN,4.3681,ECB_REFERENCE
2025-01-07,EUR,RON,4.7888,ECB_REFERENCE
2025-01-07,EUR,EUR,1.0,ECB_REFERENCE
2025-01-08,EUR,PLN,4.3801,ECB_REFERENCE
2025-01-08,EUR,RON,4.7856,ECB_REFERENCE
2025-01-08,EUR,EUR,1.0,ECB_REFERENCE
2025-01-09,EUR,PLN,4.3981,ECB_REFERENCE
2025-01-09,EUR,RON,4.7982,ECB_REFERENCE
2025-01-09,EUR,EUR,1.0,ECB_REFERENCE
2025-01-10,EUR,PLN,4.4261,ECB_REFERENCE
2025-01-10,EUR,RON,4.8104,ECB_REFERENCE
2025-01-10,EUR,EUR,1.0,ECB_REFERENCE
2025-01-11,EUR,PLN,4.4017,ECB_REFERENCE
2025-01-11,EUR,RON,4.8093,ECB_REFERENCE
2025-01-11,EUR,EUR,1.0,ECB_REFERENCE
2025-01-12,EUR,PLN,4.3837,ECB_REFERENCE
2025-01-12,EUR,RON,4.8006,ECB_REFERENCE
2025-01-12,EUR,EUR,1.0,ECB_REFERENCE
2025-01-13,EUR,PLN,4.4069,ECB_REFERENCE
2025-01-13,EUR,RON,4.8113,ECB_REFERENCE
2025-01-13,EUR,EUR,1.0,ECB_REFERENCE
2025-01-14,EUR,PLN,4.3961,ECB_REFERENCE
2025-01-14,EUR,RON,4.7942,ECB_REFERENCE
2025-01-14,EUR,EUR,1.0,ECB_REFERENCE
2025-01-15,EUR,PLN,4.3966,ECB_REFERENCE
2025-01-15,EUR,RON,4.7738,ECB_REFERENCE
2025-01-15,EUR,EUR,1.0,ECB_REFERENCE
2025-01-16,EUR,PLN,4.3863,ECB_REFERENCE
2025-01-16,EUR,RON,4.779,ECB_REFERENCE
2025-01-16,EUR,EUR,1.0,ECB_REFERENCE
2025-01-17,EUR,PLN,4.404,ECB_REFERENCE
2025-01-17,EUR,RON,4.7892,ECB_REFERENCE
2025-01-17,EUR,EUR,1.0,ECB_REFERENCE
2025-01-18,EUR,PLN,4.3687,ECB_REFERENCE
2025-01-18,EUR,RON,4.7943,ECB_REFERENCE
2025-01-18,EUR,EUR,1.0,ECB_REFERENCE
2025-01-19,EUR,PLN,4.3698,ECB_REFERENCE
2025-01-19,EUR,RON,4.8013,ECB_REFERENCE
2025-01-19,EUR,EUR,1.0,ECB_REFERENCE
2025-01-20,EUR,PLN,4.3945,ECB_REFERENCE
2025-01-20,EUR,RON,4.7666,ECB_REFERENCE
2025-01-20,EUR,EUR,1.0,ECB_REFERENCE
2025-01-21,EUR,PLN,4.3854,ECB_REFERENCE
2025-01-21,EUR,RON,4.7764,ECB_REFERENCE
2025-01-21,EUR,EUR,1.0,ECB_REFERENCE
2025-01-22,EUR,PLN,4.3611,ECB_REFERENCE
2025-01-22,EUR,RON,4.8011,ECB_REFERENCE
2025-01-22,EUR,EUR,1.0,ECB_REFERENCE
2025-01-23,EUR,PLN,4.3668,ECB_REFERENCE
2025-01-23,EUR,RON,4.8153,ECB_REFERENCE
2025-01-23,EUR,EUR,1.0,ECB_REFERENCE
2025-01-24,EUR,PLN,4.358,ECB_REFERENCE
2025-01-24,EUR,RON,4.8291,ECB_REFERENCE
2025-01-24,EUR,EUR,1.0,ECB_REFERENCE
2025-01-25,EUR,PLN,4.3743,ECB_REFERENCE
2025-01-25,EUR,RON,4.833,ECB_REFERENCE
2025-01-25,EUR,EUR,1.0,ECB_REFERENCE
2025-01-26,EUR,PLN,4.3779,ECB_REFERENCE
2025-01-26,EUR,RON,4.8376,ECB_REFERENCE
2025-01-26,EUR,EUR,1.0,ECB_REFERENCE
2025-01-27,EUR,PLN,4.3647,ECB_REFERENCE
2025-01-27,EUR,RON,4.8351,ECB_REFERENCE
2025-01-27,EUR,EUR,1.0,ECB_REFERENCE
2025-01-28,EUR,PLN,4.3624,ECB_REFERENCE
2025-01-28,EUR,RON,4.8416,ECB_REFERENCE
2025-01-28,EUR,EUR,1.0,ECB_REFERENCE
2025-01-29,EUR,PLN,4.3776,ECB_REFERENCE
2025-01-29,EUR,RON,4.8236,ECB_REFERENCE
2025-01-29,EUR,EUR,1.0,ECB_REFERENCE
2025-01-30,EUR,PLN,4.3757,ECB_REFERENCE
2025-01-30,EUR,RON,4.8486,ECB_REFERENCE
2025-01-30,EUR,EUR,1.0,ECB_REFERENCE
2025-01-31,EUR,PLN,4.3643,ECB_REFERENCE
2025-01-31,EUR,RON,4.8347,ECB_REFERENCE
2025-01-31,EUR,EUR,1.0,ECB_REFERENCE
2025-02-01,EUR,PLN,4.3674,ECB_REFERENCE
2025-02-01,EUR,RON,4.849,ECB_REFERENCE
2025-02-01,EUR,EUR,1.0,ECB_REFERENCE
2025-02-02,EUR,PLN,4.3676,ECB_REFERENCE
2025-02-02,EUR,RON,4.8715,ECB_REFERENCE
2025-02-02,EUR,EUR,1.0,ECB_REFERENCE
2025-02-03,EUR,PLN,4.3807,ECB_REFERENCE
2025-02-03,EUR,RON,4.8859,ECB_REFERENCE
2025-02-03,EUR,EUR,1.0,ECB_REFERENCE
2025-02-04,EUR,PLN,4.3892,ECB_REFERENCE
2025-02-04,EUR,RON,4.9257,ECB_REFERENCE
2025-02-04,EUR,EUR,1.0,ECB_REFERENCE
2025-02-05,EUR,PLN,4.386,ECB_REFERENCE
2025-02-05,EUR,RON,4.8911,ECB_REFERENCE
2025-02-05,EUR,EUR,1.0,ECB_REFERENCE
2025-02-06,EUR,PLN,4.4107,ECB_REFERENCE
2025-02-06,EUR,RON,4.8833,ECB_REFERENCE
2025-02-06,EUR,EUR,1.0,ECB_REFERENCE
2025-02-07,EUR,PLN,4.4123,ECB_REFERENCE
2025-02-07,EUR,RON,4.9057,ECB_REFERENCE
2025-02-07,EUR,EUR,1.0,ECB_REFERENCE
2025-02-08,EUR,PLN,4.3876,ECB_REFERENCE
2025-02-08,EUR,RON,4.8842,ECB_REFERENCE
2025-02-08,EUR,EUR,1.0,ECB_REFERENCE
2025-02-09,EUR,PLN,4.363,ECB_REFERENCE
2025-02-09,EUR,RON,4.8706,ECB_REFERENCE
2025-02-09,EUR,EUR,1.0,ECB_REFERENCE
2025-02-10,EUR,PLN,4.3697,ECB_REFERENCE
2025-02-10,EUR,RON,4.8796,ECB_REFERENCE
2025-02-10,EUR,EUR,1.0,ECB_REFERENCE
2025-02-11,EUR,PLN,4.3739,ECB_REFERENCE
2025-02-11,EUR,RON,4.8554,ECB_REFERENCE
2025-02-11,EUR,EUR,1.0,ECB_REFERENCE
2025-02-12,EUR,PLN,4.3386,ECB_REFERENCE
2025-02-12,EUR,RON,4.8563,ECB_REFERENCE
2025-02-12,EUR,EUR,1.0,ECB_REFERENCE
2025-02-13,EUR,PLN,4.3314,ECB_REFERENCE
2025-02-13,EUR,RON,4.8642,ECB_REFERENCE
2025-02-13,EUR,EUR,1.0,ECB_REFERENCE
2025-02-14,EUR,PLN,4.342,ECB_REFERENCE
2025-02-14,EUR,RON,4.8665,ECB_REFERENCE
2025-02-14,EUR,EUR,1.0,ECB_REFERENCE
2025-02-15,EUR,PLN,4.3536,ECB_REFERENCE
2025-02-15,EUR,RON,4.8704,ECB_REFERENCE
2025-02-15,EUR,EUR,1.0,ECB_REFERENCE
2025-02-16,EUR,PLN,4.3617,ECB_REFERENCE
2025-02-16,EUR,RON,4.8584,ECB_REFERENCE
2025-02-16,EUR,EUR,1.0,ECB_REFERENCE
2025-02-17,EUR,PLN,4.3589,ECB_REFERENCE
2025-02-17,EUR,RON,4.8617,ECB_REFERENCE
2025-02-17,EUR,EUR,1.0,ECB_REFERENCE
2025-02-18,EUR,PLN,4.3714,ECB_REFERENCE
2025-02-18,EUR,RON,4.855,ECB_REFERENCE
2025-02-18,EUR,EUR,1.0,ECB_REFERENCE
2025-02-19,EUR,PLN,4.3794,ECB_REFERENCE
2025-02-19,EUR,RON,4.8505,ECB_REFERENCE
2025-02-19,EUR,EUR,1.0,ECB_REFERENCE
2025-02-20,EUR,PLN,4.3776,ECB_REFERENCE
2025-02-20,EUR,RON,4.8646,ECB_REFERENCE
2025-02-20,EUR,EUR,1.0,ECB_REFERENCE
2025-02-21,EUR,PLN,4.3471,ECB_REFERENCE
2025-02-21,EUR,RON,4.8425,ECB_REFERENCE
2025-02-21,EUR,EUR,1.0,ECB_REFERENCE
2025-02-22,EUR,PLN,4.3245,ECB_REFERENCE
2025-02-22,EUR,RON,4.803,ECB_REFERENCE
2025-02-22,EUR,EUR,1.0,ECB_REFERENCE
2025-02-23,EUR,PLN,4.3143,ECB_REFERENCE
2025-02-23,EUR,RON,4.8156,ECB_REFERENCE
2025-02-23,EUR,EUR,1.0,ECB_REFERENCE
2025-02-24,EUR,PLN,4.31,ECB_REFERENCE
2025-02-24,EUR,RON,4.8189,ECB_REFERENCE
2025-02-24,EUR,EUR,1.0,ECB_REFERENCE
2025-02-25,EUR,PLN,4.3264,ECB_REFERENCE
2025-02-25,EUR,RON,4.8413,ECB_REFERENCE
2025-02-25,EUR,EUR,1.0,ECB_REFERENCE
2025-02-26,EUR,PLN,4.3253,ECB_REFERENCE
2025-02-26,EUR,RON,4.8642,ECB_REFERENCE
2025-02-26,EUR,EUR,1.0,ECB_REFERENCE
2025-02-27,EUR,PLN,4.3267,ECB_REFERENCE
2025-02-27,EUR,RON,4.85,ECB_REFERENCE
2025-02-27,EUR,EUR,1.0,ECB_REFERENCE
2025-02-28,EUR,PLN,4.3177,ECB_REFERENCE
2025-02-28,EUR,RON,4.8249,ECB_REFERENCE
2025-02-28,EUR,EUR,1.0,ECB_REFERENCE
2025-03-01,EUR,PLN,4.3043,ECB_REFERENCE
2025-03-01,EUR,RON,4.8188,ECB_REFERENCE
2025-03-01,EUR,EUR,1.0,ECB_REFERENCE
2025-03-02,EUR,PLN,4.3164,ECB_REFERENCE
2025-03-02,EUR,RON,4.8478,ECB_REFERENCE
2025-03-02,EUR,EUR,1.0,ECB_REFERENCE
2025-03-03,EUR,PLN,4.2955,ECB_REFERENCE
2025-03-03,EUR,RON,4.8545,ECB_REFERENCE
2025-03-03,EUR,EUR,1.0,ECB_REFERENCE
2025-03-04,EUR,PLN,4.2799,ECB_REFERENCE
2025-03-04,EUR,RON,4.8626,ECB_REFERENCE
2025-03-04,EUR,EUR,1.0,ECB_REFERENCE
2025-03-05,EUR,PLN,4.2779,ECB_REFERENCE
2025-03-05,EUR,RON,4.8314,ECB_REFERENCE
2025-03-05,EUR,EUR,1.0,ECB_REFERENCE
2025-03-06,EUR,PLN,4.2918,ECB_REFERENCE
2025-03-06,EUR,RON,4.8212,ECB_REFERENCE
2025-03-06,EUR,EUR,1.0,ECB_REFERENCE
2025-03-07,EUR,PLN,4.2838,ECB_REFERENCE
2025-03-07,EUR,RON,4.8031,ECB_REFERENCE
2025-03-07,EUR,EUR,1.0,ECB_REFERENCE
2025-03-08,EUR,PLN,4.274,ECB_REFERENCE
2025-03-08,EUR,RON,4.8103,ECB_REFERENCE
2025-03-08,EUR,EUR,1.0,ECB_REFERENCE
2025-03-09,EUR,PLN,4.2712,ECB_REFERENCE
2025-03-09,EUR,RON,4.8158,ECB_REFERENCE
2025-03-09,EUR,EUR,1.0,ECB_REFERENCE
2025-03-10,EUR,PLN,4.2766,ECB_REFERENCE
2025-03-10,EUR,RON,4.8381,ECB_REFERENCE
2025-03-10,EUR,EUR,1.0,ECB_REFERENCE
2025-03-11,EUR,PLN,4.2714,ECB_REFERENCE
2025-03-11,EUR,RON,4.8131,ECB_REFERENCE
2025-03-11,EUR,EUR,1.0,ECB_REFERENCE
2025-03-12,EUR,PLN,4.2874,ECB_REFERENCE
2025-03-12,EUR,RON,4.8075,ECB_REFERENCE
2025-03-12,EUR,EUR,1.0,ECB_REFERENCE
2025-03-13,EUR,PLN,4.3041,ECB_REFERENCE
2025-03-13,EUR,RON,4.814,ECB_REFERENCE
2025-03-13,EUR,EUR,1.0,ECB_REFERENCE
2025-03-14,EUR,PLN,4.3022,ECB_REFERENCE
2025-03-14,EUR,RON,4.8198,ECB_REFERENCE
2025-03-14,EUR,EUR,1.0,ECB_REFERENCE
2025-03-15,EUR,PLN,4.3315,ECB_REFERENCE
2025-03-15,EUR,RON,4.8549,ECB_REFERENCE
2025-03-15,EUR,EUR,1.0,ECB_REFERENCE
2025-03-16,EUR,PLN,4.3326,ECB_REFERENCE
2025-03-16,EUR,RON,4.8576,ECB_REFERENCE
2025-03-16,EUR,EUR,1.0,ECB_REFERENCE
2025-03-17,EUR,PLN,4.3489,ECB_REFERENCE
2025-03-17,EUR,RON,4.8432,ECB_REFERENCE
2025-03-17,EUR,EUR,1.0,ECB_REFERENCE
2025-03-18,EUR,PLN,4.354,ECB_REFERENCE
2025-03-18,EUR,RON,4.8428,ECB_REFERENCE
2025-03-18,EUR,EUR,1.0,ECB_REFERENCE
2025-03-19,EUR,PLN,4.3588,ECB_REFERENCE
2025-03-19,EUR,RON,4.8287,ECB_REFERENCE
2025-03-19,EUR,EUR,1.0,ECB_REFERENCE
2025-03-20,EUR,PLN,4.3345,ECB_REFERENCE
2025-03-20,EUR,RON,4.7936,ECB_REFERENCE
2025-03-20,EUR,EUR,1.0,ECB_REFERENCE
2025-03-21,EUR,PLN,4.3176,ECB_REFERENCE
2025-03-21,EUR,RON,4.7859,ECB_REFERENCE
2025-03-21,EUR,EUR,1.0,ECB_REFERENCE
2025-03-22,EUR,PLN,4.3131,ECB_REFERENCE
2025-03-22,EUR,RON,4.8184,ECB_REFERENCE
2025-03-22,EUR,EUR,1.0,ECB_REFERENCE
2025-03-23,EUR,PLN,4.3298,ECB_REFERENCE
2025-03-23,EUR,RON,4.8022,ECB_REFERENCE
2025-03-23,EUR,EUR,1.0,ECB_REFERENCE
2025-03-24,EUR,PLN,4.3351,ECB_REFERENCE
2025-03-24,EUR,RON,4.7953,ECB_REFERENCE
2025-03-24,EUR,EUR,1.0,ECB_REFERENCE
2025-03-25,EUR,PLN,4.3308,ECB_REFERENCE
2025-03-25,EUR,RON,4.7984,ECB_REFERENCE
2025-03-25,EUR,EUR,1.0,ECB_REFERENCE
2025-03-26,EUR,PLN,4.3402,ECB_REFERENCE
2025-03-26,EUR,RON,4.7927,ECB_REFERENCE
2025-03-26,EUR,EUR,1.0,ECB_REFERENCE
2025-03-27,EUR,PLN,4.3563,ECB_REFERENCE
2025-03-27,EUR,RON,4.7736,ECB_REFERENCE
2025-03-27,EUR,EUR,1.0,ECB_REFERENCE
2025-03-28,EUR,PLN,4.3564,ECB_REFERENCE
2025-03-28,EUR,RON,4.817,ECB_REFERENCE
2025-03-28,EUR,EUR,1.0,ECB_REFERENCE
2025-03-29,EUR,PLN,4.3598,ECB_REFERENCE
2025-03-29,EUR,RON,4.8411,ECB_REFERENCE
2025-03-29,EUR,EUR,1.0,ECB_REFERENCE
2025-03-30,EUR,PLN,4.3612,ECB_REFERENCE
2025-03-30,EUR,RON,4.851,ECB_REFERENCE
2025-03-30,EUR,EUR,1.0,ECB_REFERENCE
2025-03-31,EUR,PLN,4.3603,ECB_REFERENCE
2025-03-31,EUR,RON,4.8481,ECB_REFERENCE
2025-03-31,EUR,EUR,1.0,ECB_REFERENCE
2025-04-01,EUR,PLN,4.3485,ECB_REFERENCE
2025-04-01,EUR,RON,4.8554,ECB_REFERENCE
2025-04-01,EUR,EUR,1.0,ECB_REFERENCE
2025-04-02,EUR,PLN,4.3355,ECB_REFERENCE
2025-04-02,EUR,RON,4.8667,ECB_REFERENCE
2025-04-02,EUR,EUR,1.0,ECB_REFERENCE
2025-04-03,EUR,PLN,4.352,ECB_REFERENCE
2025-04-03,EUR,RON,4.8729,ECB_REFERENCE
2025-04-03,EUR,EUR,1.0,ECB_REFERENCE
2025-04-04,EUR,PLN,4.3476,ECB_REFERENCE
2025-04-04,EUR,RON,4.8807,ECB_REFERENCE
2025-04-04,EUR,EUR,1.0,ECB_REFERENCE
2025-04-05,EUR,PLN,4.3429,ECB_REFERENCE
2025-04-05,EUR,RON,4.8967,ECB_REFERENCE
2025-04-05,EUR,EUR,1.0,ECB_REFERENCE
2025-04-06,EUR,PLN,4.3151,ECB_REFERENCE
2025-04-06,EUR,RON,4.8909,ECB_REFERENCE
2025-04-06,EUR,EUR,1.0,ECB_REFERENCE
2025-04-07,EUR,PLN,4.285,ECB_REFERENCE
2025-04-07,EUR,RON,4.8653,ECB_REFERENCE
2025-04-07,EUR,EUR,1.0,ECB_REFERENCE
2025-04-08,EUR,PLN,4.3055,ECB_REFERENCE
2025-04-08,EUR,RON,4.8806,ECB_REFERENCE
2025-04-08,EUR,EUR,1.0,ECB_REFERENCE
2025-04-09,EUR,PLN,4.2946,ECB_REFERENCE
2025-04-09,EUR,RON,4.8549,ECB_REFERENCE
2025-04-09,EUR,EUR,1.0,ECB_REFERENCE
2025-04-10,EUR,PLN,4.2501,ECB_REFERENCE
2025-04-10,EUR,RON,4.8457,ECB_REFERENCE
2025-04-10,EUR,EUR,1.0,ECB_REFERENCE
2025-04-11,EUR,PLN,4.2861,ECB_REFERENCE
2025-04-11,EUR,RON,4.853,ECB_REFERENCE
2025-04-11,EUR,EUR,1.0,ECB_REFERENCE
2025-04-12,EUR,PLN,4.2777,ECB_REFERENCE
2025-04-12,EUR,RON,4.8609,ECB_REFERENCE
2025-04-12,EUR,EUR,1.0,ECB_REFERENCE
2025-04-13,EUR,PLN,4.2543,ECB_REFERENCE
2025-04-13,EUR,RON,4.8559,ECB_REFERENCE
2025-04-13,EUR,EUR,1.0,ECB_REFERENCE
2025-04-14,EUR,PLN,4.2558,ECB_REFERENCE
2025-04-14,EUR,RON,4.8544,ECB_REFERENCE
2025-04-14,EUR,EUR,1.0,ECB_REFERENCE
2025-04-15,EUR,PLN,4.2676,ECB_REFERENCE
2025-04-15,EUR,RON,4.8603,ECB_REFERENCE
2025-04-15,EUR,EUR,1.0,ECB_REFERENCE
2025-04-16,EUR,PLN,4.2775,ECB_REFERENCE
2025-04-16,EUR,RON,4.8486,ECB_REFERENCE
2025-04-16,EUR,EUR,1.0,ECB_REFERENCE
2025-04-17,EUR,PLN,4.291,ECB_REFERENCE
2025-04-17,EUR,RON,4.8762,ECB_REFERENCE
2025-04-17,EUR,EUR,1.0,ECB_REFERENCE
2025-04-18,EUR,PLN,4.2764,ECB_REFERENCE
2025-04-18,EUR,RON,4.8611,ECB_REFERENCE
2025-04-18,EUR,EUR,1.0,ECB_REFERENCE
2025-04-19,EUR,PLN,4.2964,ECB_REFERENCE
2025-04-19,EUR,RON,4.8578,ECB_REFERENCE
2025-04-19,EUR,EUR,1.0,ECB_REFERENCE
2025-04-20,EUR,PLN,4.3175,ECB_REFERENCE
2025-04-20,EUR,RON,4.8503,ECB_REFERENCE
2025-04-20,EUR,EUR,1.0,ECB_REFERENCE
2025-04-21,EUR,PLN,4.3395,ECB_REFERENCE
2025-04-21,EUR,RON,4.8525,ECB_REFERENCE
2025-04-21,EUR,EUR,1.0,ECB_REFERENCE
2025-04-22,EUR,PLN,4.3434,ECB_REFERENCE
2025-04-22,EUR,RON,4.8791,ECB_REFERENCE
2025-04-22,EUR,EUR,1.0,ECB_REFERENCE
2025-04-23,EUR,PLN,4.3379,ECB_REFERENCE
2025-04-23,EUR,RON,4.863,ECB_REFERENCE
2025-04-23,EUR,EUR,1.0,ECB_REFERENCE
2025-04-24,EUR,PLN,4.3311,ECB_REFERENCE
2025-04-24,EUR,RON,4.8707,ECB_REFERENCE
2025-04-24,EUR,EUR,1.0,ECB_REFERENCE
2025-04-25,EUR,PLN,4.3074,ECB_REFERENCE
2025-04-25,EUR,RON,4.8816,ECB_REFERENCE
2025-04-25,EUR,EUR,1.0,ECB_REFERENCE
2025-04-26,EUR,PLN,4.2993,ECB_REFERENCE
2025-04-26,EUR,RON,4.9012,ECB_REFERENCE
2025-04-26,EUR,EUR,1.0,ECB_REFERENCE
2025-04-27,EUR,PLN,4.2632,ECB_REFERENCE
2025-04-27,EUR,RON,4.8877,ECB_REFERENCE
2025-04-27,EUR,EUR,1.0,ECB_REFERENCE
2025-04-28,EUR,PLN,4.2381,ECB_REFERENCE
2025-04-28,EUR,RON,4.8736,ECB_REFERENCE
2025-04-28,EUR,EUR,1.0,ECB_REFERENCE
2025-04-29,EUR,PLN,4.2417,ECB_REFERENCE
2025-04-29,EUR,RON,4.8705,ECB_REFERENCE
2025-04-29,EUR,EUR,1.0,ECB_REFERENCE
2025-04-30,EUR,PLN,4.238,ECB_REFERENCE
2025-04-30,EUR,RON,4.8678,ECB_REFERENCE
2025-04-30,EUR,EUR,1.0,ECB_REFERENCE
2025-05-01,EUR,PLN,4.241,ECB_REFERENCE
2025-05-01,EUR,RON,4.8506,ECB_REFERENCE
2025-05-01,EUR,EUR,1.0,ECB_REFERENCE
2025-05-02,EUR,PLN,4.2515,ECB_REFERENCE
2025-05-02,EUR,RON,4.8619,ECB_REFERENCE
2025-05-02,EUR,EUR,1.0,ECB_REFERENCE
2025-05-03,EUR,PLN,4.2572,ECB_REFERENCE
2025-05-03,EUR,RON,4.8713,ECB_REFERENCE
2025-05-03,EUR,EUR,1.0,ECB_REFERENCE
2025-05-04,EUR,PLN,4.2616,ECB_REFERENCE
2025-05-04,EUR,RON,4.906,ECB_REFERENCE
2025-05-04,EUR,EUR,1.0,ECB_REFERENCE
2025-05-05,EUR,PLN,4.2603,ECB_REFERENCE
2025-05-05,EUR,RON,4.9008,ECB_REFERENCE
2025-05-05,EUR,EUR,1.0,ECB_REFERENCE
2025-05-06,EUR,PLN,4.2491,ECB_REFERENCE
2025-05-06,EUR,RON,4.883,ECB_REFERENCE
2025-05-06,EUR,EUR,1.0,ECB_REFERENCE
2025-05-07,EUR,PLN,4.2306,ECB_REFERENCE
2025-05-07,EUR,RON,4.8679,ECB_REFERENCE
2025-05-07,EUR,EUR,1.0,ECB_REFERENCE
2025-05-08,EUR,PLN,4.2295,ECB_REFERENCE
2025-05-08,EUR,RON,4.8736,ECB_REFERENCE
2025-05-08,EUR,EUR,1.0,ECB_REFERENCE
2025-05-09,EUR,PLN,4.2303,ECB_REFERENCE
2025-05-09,EUR,RON,4.8605,ECB_REFERENCE
2025-05-09,EUR,EUR,1.0,ECB_REFERENCE
2025-05-10,EUR,PLN,4.2436,ECB_REFERENCE
2025-05-10,EUR,RON,4.8731,ECB_REFERENCE
2025-05-10,EUR,EUR,1.0,ECB_REFERENCE
2025-05-11,EUR,PLN,4.2413,ECB_REFERENCE
2025-05-11,EUR,RON,4.8619,ECB_REFERENCE
2025-05-11,EUR,EUR,1.0,ECB_REFERENCE
2025-05-12,EUR,PLN,4.2494,ECB_REFERENCE
2025-05-12,EUR,RON,4.8651,ECB_REFERENCE
2025-05-12,EUR,EUR,1.0,ECB_REFERENCE
2025-05-13,EUR,PLN,4.2279,ECB_REFERENCE
2025-05-13,EUR,RON,4.864,ECB_REFERENCE
2025-05-13,EUR,EUR,1.0,ECB_REFERENCE
2025-05-14,EUR,PLN,4.2317,ECB_REFERENCE
2025-05-14,EUR,RON,4.8487,ECB_REFERENCE
2025-05-14,EUR,EUR,1.0,ECB_REFERENCE
2025-05-15,EUR,PLN,4.2345,ECB_REFERENCE
2025-05-15,EUR,RON,4.824,ECB_REFERENCE
2025-05-15,EUR,EUR,1.0,ECB_REFERENCE
2025-05-16,EUR,PLN,4.2543,ECB_REFERENCE
2025-05-16,EUR,RON,4.845,ECB_REFERENCE
2025-05-16,EUR,EUR,1.0,ECB_REFERENCE
2025-05-17,EUR,PLN,4.2506,ECB_REFERENCE
2025-05-17,EUR,RON,4.8512,ECB_REFERENCE
2025-05-17,EUR,EUR,1.0,ECB_REFERENCE
2025-05-18,EUR,PLN,4.2147,ECB_REFERENCE
2025-05-18,EUR,RON,4.8316,ECB_REFERENCE
2025-05-18,EUR,EUR,1.0,ECB_REFERENCE
2025-05-19,EUR,PLN,4.2104,ECB_REFERENCE
2025-05-19,EUR,RON,4.8134,ECB_REFERENCE
2025-05-19,EUR,EUR,1.0,ECB_REFERENCE
2025-05-20,EUR,PLN,4.2209,ECB_REFERENCE
2025-05-20,EUR,RON,4.8471,ECB_REFERENCE
2025-05-20,EUR,EUR,1.0,ECB_REFERENCE
2025-05-21,EUR,PLN,4.2035,ECB_REFERENCE
2025-05-21,EUR,RON,4.8329,ECB_REFERENCE
2025-05-21,EUR,EUR,1.0,ECB_REFERENCE
2025-05-22,EUR,PLN,4.207,ECB_REFERENCE
2025-05-22,EUR,RON,4.8601,ECB_REFERENCE
2025-05-22,EUR,EUR,1.0,ECB_REFERENCE
2025-05-23,EUR,PLN,4.189,ECB_REFERENCE
2025-05-23,EUR,RON,4.8644,ECB_REFERENCE
2025-05-23,EUR,EUR,1.0,ECB_REFERENCE
2025-05-24,EUR,PLN,4.2157,ECB_REFERENCE
2025-05-24,EUR,RON,4.8362,ECB_REFERENCE
2025-05-24,EUR,EUR,1.0,ECB_REFERENCE
2025-05-25,EUR,PLN,4.1968,ECB_REFERENCE
2025-05-25,EUR,RON,4.8291,ECB_REFERENCE
2025-05-25,EUR,EUR,1.0,ECB_REFERENCE
2025-05-26,EUR,PLN,4.1892,ECB_REFERENCE
2025-05-26,EUR,RON,4.8428,ECB_REFERENCE
2025-05-26,EUR,EUR,1.0,ECB_REFERENCE
2025-05-27,EUR,PLN,4.1927,ECB_REFERENCE
2025-05-27,EUR,RON,4.8127,ECB_REFERENCE
2025-05-27,EUR,EUR,1.0,ECB_REFERENCE
2025-05-28,EUR,PLN,4.2003,ECB_REFERENCE
2025-05-28,EUR,RON,4.803,ECB_REFERENCE
2025-05-28,EUR,EUR,1.0,ECB_REFERENCE
2025-05-29,EUR,PLN,4.219,ECB_REFERENCE
2025-05-29,EUR,RON,4.7925,ECB_REFERENCE
2025-05-29,EUR,EUR,1.0,ECB_REFERENCE
2025-05-30,EUR,PLN,4.2096,ECB_REFERENCE
2025-05-30,EUR,RON,4.8015,ECB_REFERENCE
2025-05-30,EUR,EUR,1.0,ECB_REFERENCE
2025-05-31,EUR,PLN,4.2208,ECB_REFERENCE
2025-05-31,EUR,RON,4.8091,ECB_REFERENCE
2025-05-31,EUR,EUR,1.0,ECB_REFERENCE
2025-06-01,EUR,PLN,4.1959,ECB_REFERENCE
2025-06-01,EUR,RON,4.8181,ECB_REFERENCE
2025-06-01,EUR,EUR,1.0,ECB_REFERENCE
2025-06-02,EUR,PLN,4.1808,ECB_REFERENCE
2025-06-02,EUR,RON,4.8221,ECB_REFERENCE
2025-06-02,EUR,EUR,1.0,ECB_REFERENCE
2025-06-03,EUR,PLN,4.1599,ECB_REFERENCE
2025-06-03,EUR,RON,4.8296,ECB_REFERENCE
2025-06-03,EUR,EUR,1.0,ECB_REFERENCE
2025-06-04,EUR,PLN,4.1482,ECB_REFERENCE
2025-06-04,EUR,RON,4.8079,ECB_REFERENCE
2025-06-04,EUR,EUR,1.0,ECB_REFERENCE
2025-06-05,EUR,PLN,4.1585,ECB_REFERENCE
2025-06-05,EUR,RON,4.812,ECB_REFERENCE
2025-06-05,EUR,EUR,1.0,ECB_REFERENCE
2025-06-06,EUR,PLN,4.1496,ECB_REFERENCE
2025-06-06,EUR,RON,4.8364,ECB_REFERENCE
2025-06-06,EUR,EUR,1.0,ECB_REFERENCE
2025-06-07,EUR,PLN,4.1432,ECB_REFERENCE
2025-06-07,EUR,RON,4.837,ECB_REFERENCE
2025-06-07,EUR,EUR,1.0,ECB_REFERENCE
2025-06-08,EUR,PLN,4.1471,ECB_REFERENCE
2025-06-08,EUR,RON,4.8265,ECB_REFERENCE
2025-06-08,EUR,EUR,1.0,ECB_REFERENCE
2025-06-09,EUR,PLN,4.1539,ECB_REFERENCE
2025-06-09,EUR,RON,4.8175,ECB_REFERENCE
2025-06-09,EUR,EUR,1.0,ECB_REFERENCE
2025-06-10,EUR,PLN,4.148,ECB_REFERENCE
2025-06-10,EUR,RON,4.8405,ECB_REFERENCE
2025-06-10,EUR,EUR,1.0,ECB_REFERENCE
2025-06-11,EUR,PLN,4.1329,ECB_REFERENCE
2025-06-11,EUR,RON,4.7996,ECB_REFERENCE
2025-06-11,EUR,EUR,1.0,ECB_REFERENCE
2025-06-12,EUR,PLN,4.1562,ECB_REFERENCE
2025-06-12,EUR,RON,4.8424,ECB_REFERENCE
2025-06-12,EUR,EUR,1.0,ECB_REFERENCE
2025-06-13,EUR,PLN,4.1503,ECB_REFERENCE
2025-06-13,EUR,RON,4.8096,ECB_REFERENCE
2025-06-13,EUR,EUR,1.0,ECB_REFERENCE
2025-06-14,EUR,PLN,4.1458,ECB_REFERENCE
2025-06-14,EUR,RON,4.8048,ECB_REFERENCE
2025-06-14,EUR,EUR,1.0,ECB_REFERENCE
2025-06-15,EUR,PLN,4.143,ECB_REFERENCE
2025-06-15,EUR,RON,4.786,ECB_REFERENCE
2025-06-15,EUR,EUR,1.0,ECB_REFERENCE
2025-06-16,EUR,PLN,4.1514,ECB_REFERENCE
2025-06-16,EUR,RON,4.7948,ECB_REFERENCE
2025-06-16,EUR,EUR,1.0,ECB_REFERENCE
2025-06-17,EUR,PLN,4.1297,ECB_REFERENCE
2025-06-17,EUR,RON,4.8066,ECB_REFERENCE
2025-06-17,EUR,EUR,1.0,ECB_REFERENCE
2025-06-18,EUR,PLN,4.1594,ECB_REFERENCE
2025-06-18,EUR,RON,4.8095,ECB_REFERENCE
2025-06-18,EUR,EUR,1.0,ECB_REFERENCE
2025-06-19,EUR,PLN,4.1544,ECB_REFERENCE
2025-06-19,EUR,RON,4.8071,ECB_REFERENCE
2025-06-19,EUR,EUR,1.0,ECB_REFERENCE
2025-06-20,EUR,PLN,4.1634,ECB_REFERENCE
2025-06-20,EUR,RON,4.7779,ECB_REFERENCE
2025-06-20,EUR,EUR,1.0,ECB_REFERENCE
2025-06-21,EUR,PLN,4.1658,ECB_REFERENCE
2025-06-21,EUR,RON,4.7714,ECB_REFERENCE
2025-06-21,EUR,EUR,1.0,ECB_REFERENCE
2025-06-22,EUR,PLN,4.1927,ECB_REFERENCE
2025-06-22,EUR,RON,4.7685,ECB_REFERENCE
2025-06-22,EUR,EUR,1.0,ECB_REFERENCE
2025-06-23,EUR,PLN,4.2172,ECB_REFERENCE
2025-06-23,EUR,RON,4.7501,ECB_REFERENCE
2025-06-23,EUR,EUR,1.0,ECB_REFERENCE
2025-06-24,EUR,PLN,4.2259,ECB_REFERENCE
2025-06-24,EUR,RON,4.7554,ECB_REFERENCE
2025-06-24,EUR,EUR,1.0,ECB_REFERENCE
2025-06-25,EUR,PLN,4.213,ECB_REFERENCE
2025-06-25,EUR,RON,4.7583,ECB_REFERENCE
2025-06-25,EUR,EUR,1.0,ECB_REFERENCE
2025-06-26,EUR,PLN,4.2309,ECB_REFERENCE
2025-06-26,EUR,RON,4.753,ECB_REFERENCE
2025-06-26,EUR,EUR,1.0,ECB_REFERENCE
2025-06-27,EUR,PLN,4.2058,ECB_REFERENCE
2025-06-27,EUR,RON,4.7527,ECB_REFERENCE
2025-06-27,EUR,EUR,1.0,ECB_REFERENCE
2025-06-28,EUR,PLN,4.1926,ECB_REFERENCE
2025-06-28,EUR,RON,4.747,ECB_REFERENCE
2025-06-28,EUR,EUR,1.0,ECB_REFERENCE
2025-06-29,EUR,PLN,4.1914,ECB_REFERENCE
2025-06-29,EUR,RON,4.7186,ECB_REFERENCE
2025-06-29,EUR,EUR,1.0,ECB_REFERENCE
2025-06-30,EUR,PLN,4.1677,ECB_REFERENCE
2025-06-30,EUR,RON,4.7266,ECB_REFERENCE
2025-06-30,EUR,EUR,1.0,ECB_REFERENCE
2025-07-01,EUR,PLN,4.16,ECB_REFERENCE
2025-07-01,EUR,RON,4.6842,ECB_REFERENCE
2025-07-01,EUR,EUR,1.0,ECB_REFERENCE
2025-07-02,EUR,PLN,4.1715,ECB_REFERENCE
2025-07-02,EUR,RON,4.6886,ECB_REFERENCE
2025-07-02,EUR,EUR,1.0,ECB_REFERENCE
2025-07-03,EUR,PLN,4.161,ECB_REFERENCE
2025-07-03,EUR,RON,4.667,ECB_REFERENCE
2025-07-03,EUR,EUR,1.0,ECB_REFERENCE
2025-07-04,EUR,PLN,4.1732,ECB_REFERENCE
2025-07-04,EUR,RON,4.6727,ECB_REFERENCE
2025-07-04,EUR,EUR,1.0,ECB_REFERENCE
2025-07-05,EUR,PLN,4.208,ECB_REFERENCE
2025-07-05,EUR,RON,4.6796,ECB_REFERENCE
2025-07-05,EUR,EUR,1.0,ECB_REFERENCE
2025-07-06,EUR,PLN,4.2137,ECB_REFERENCE
2025-07-06,EUR,RON,4.6769,ECB_REFERENCE
2025-07-06,EUR,EUR,1.0,ECB_REFERENCE
2025-07-07,EUR,PLN,4.2258,ECB_REFERENCE
2025-07-07,EUR,RON,4.6871,ECB_REFERENCE
2025-07-07,EUR,EUR,1.0,ECB_REFERENCE
2025-07-08,EUR,PLN,4.2443,ECB_REFERENCE
2025-07-08,EUR,RON,4.6785,ECB_REFERENCE
2025-07-08,EUR,EUR,1.0,ECB_REFERENCE
2025-07-09,EUR,PLN,4.2378,ECB_REFERENCE
2025-07-09,EUR,RON,4.6707,ECB_REFERENCE
2025-07-09,EUR,EUR,1.0,ECB_REFERENCE
2025-07-10,EUR,PLN,4.2495,ECB_REFERENCE
2025-07-10,EUR,RON,4.6952,ECB_REFERENCE
2025-07-10,EUR,EUR,1.0,ECB_REFERENCE
2025-07-11,EUR,PLN,4.2427,ECB_REFERENCE
2025-07-11,EUR,RON,4.6882,ECB_REFERENCE
2025-07-11,EUR,EUR,1.0,ECB_REFERENCE
2025-07-12,EUR,PLN,4.2474,ECB_REFERENCE
2025-07-12,EUR,RON,4.6842,ECB_REFERENCE
2025-07-12,EUR,EUR,1.0,ECB_REFERENCE
2025-07-13,EUR,PLN,4.2615,ECB_REFERENCE
2025-07-13,EUR,RON,4.6473,ECB_REFERENCE
2025-07-13,EUR,EUR,1.0,ECB_REFERENCE
2025-07-14,EUR,PLN,4.2492,ECB_REFERENCE
2025-07-14,EUR,RON,4.6345,ECB_REFERENCE
2025-07-14,EUR,EUR,1.0,ECB_REFERENCE
2025-07-15,EUR,PLN,4.2147,ECB_REFERENCE
2025-07-15,EUR,RON,4.6189,ECB_REFERENCE
2025-07-15,EUR,EUR,1.0,ECB_REFERENCE
2025-07-16,EUR,PLN,4.2012,ECB_REFERENCE
2025-07-16,EUR,RON,4.6157,ECB_REFERENCE
2025-07-16,EUR,EUR,1.0,ECB_REFERENCE
2025-07-17,EUR,PLN,4.2176,ECB_REFERENCE
2025-07-17,EUR,RON,4.6117,ECB_REFERENCE
2025-07-17,EUR,EUR,1.0,ECB_REFERENCE
2025-07-18,EUR,PLN,4.2023,ECB_REFERENCE
2025-07-18,EUR,RON,4.6108,ECB_REFERENCE
2025-07-18,EUR,EUR,1.0,ECB_REFERENCE
2025-07-19,EUR,PLN,4.2178,ECB_REFERENCE
2025-07-19,EUR,RON,4.595,ECB_REFERENCE
2025-07-19,EUR,EUR,1.0,ECB_REFERENCE
2025-07-20,EUR,PLN,4.2043,ECB_REFERENCE
2025-07-20,EUR,RON,4.604,ECB_REFERENCE
2025-07-20,EUR,EUR,1.0,ECB_REFERENCE
2025-07-21,EUR,PLN,4.2011,ECB_REFERENCE
2025-07-21,EUR,RON,4.6144,ECB_REFERENCE
2025-07-21,EUR,EUR,1.0,ECB_REFERENCE
2025-07-22,EUR,PLN,4.2009,ECB_REFERENCE
2025-07-22,EUR,RON,4.6258,ECB_REFERENCE
2025-07-22,EUR,EUR,1.0,ECB_REFERENCE
2025-07-23,EUR,PLN,4.1857,ECB_REFERENCE
2025-07-23,EUR,RON,4.6256,ECB_REFERENCE
2025-07-23,EUR,EUR,1.0,ECB_REFERENCE
2025-07-24,EUR,PLN,4.1826,ECB_REFERENCE
2025-07-24,EUR,RON,4.6059,ECB_REFERENCE
2025-07-24,EUR,EUR,1.0,ECB_REFERENCE
2025-07-25,EUR,PLN,4.1597,ECB_REFERENCE
2025-07-25,EUR,RON,4.6169,ECB_REFERENCE
2025-07-25,EUR,EUR,1.0,ECB_REFERENCE
2025-07-26,EUR,PLN,4.1546,ECB_REFERENCE
2025-07-26,EUR,RON,4.6004,ECB_REFERENCE
2025-07-26,EUR,EUR,1.0,ECB_REFERENCE
2025-07-27,EUR,PLN,4.1532,ECB_REFERENCE
2025-07-27,EUR,RON,4.6186,ECB_REFERENCE
2025-07-27,EUR,EUR,1.0,ECB_REFERENCE
2025-07-28,EUR,PLN,4.12,ECB_REFERENCE
2025-07-28,EUR,RON,4.5944,ECB_REFERENCE
2025-07-28,EUR,EUR,1.0,ECB_REFERENCE
2025-07-29,EUR,PLN,4.1067,ECB_REFERENCE
2025-07-29,EUR,RON,4.6179,ECB_REFERENCE
2025-07-29,EUR,EUR,1.0,ECB_REFERENCE
2025-07-30,EUR,PLN,4.1108,ECB_REFERENCE
2025-07-30,EUR,RON,4.6303,ECB_REFERENCE
2025-07-30,EUR,EUR,1.0,ECB_REFERENCE
2025-07-31,EUR,PLN,4.0944,ECB_REFERENCE
2025-07-31,EUR,RON,4.6122,ECB_REFERENCE
2025-07-31,EUR,EUR,1.0,ECB_REFERENCE
2025-08-01,EUR,PLN,4.1008,ECB_REFERENCE
2025-08-01,EUR,RON,4.6131,ECB_REFERENCE
2025-08-01,EUR,EUR,1.0,ECB_REFERENCE
2025-08-02,EUR,PLN,4.1087,ECB_REFERENCE
2025-08-02,EUR,RON,4.6101,ECB_REFERENCE
2025-08-02,EUR,EUR,1.0,ECB_REFERENCE
2025-08-03,EUR,PLN,4.1127,ECB_REFERENCE
2025-08-03,EUR,RON,4.6126,ECB_REFERENCE
2025-08-03,EUR,EUR,1.0,ECB_REFERENCE
2025-08-04,EUR,PLN,4.1239,ECB_REFERENCE
2025-08-04,EUR,RON,4.6256,ECB_REFERENCE
2025-08-04,EUR,EUR,1.0,ECB_REFERENCE
2025-08-05,EUR,PLN,4.1005,ECB_REFERENCE
2025-08-05,EUR,RON,4.5893,ECB_REFERENCE
2025-08-05,EUR,EUR,1.0,ECB_REFERENCE
2025-08-06,EUR,PLN,4.1149,ECB_REFERENCE
2025-08-06,EUR,RON,4.6083,ECB_REFERENCE
2025-08-06,EUR,EUR,1.0,ECB_REFERENCE
2025-08-07,EUR,PLN,4.1002,ECB_REFERENCE
2025-08-07,EUR,RON,4.5783,ECB_REFERENCE
2025-08-07,EUR,EUR,1.0,ECB_REFERENCE
2025-08-08,EUR,PLN,4.1016,ECB_REFERENCE
2025-08-08,EUR,RON,4.5933,ECB_REFERENCE
2025-08-08,EUR,EUR,1.0,ECB_REFERENCE
2025-08-09,EUR,PLN,4.1274,ECB_REFERENCE
2025-08-09,EUR,RON,4.6016,ECB_REFERENCE
2025-08-09,EUR,EUR,1.0,ECB_REFERENCE
2025-08-10,EUR,PLN,4.122,ECB_REFERENCE
2025-08-10,EUR,RON,4.5872,ECB_REFERENCE
2025-08-10,EUR,EUR,1.0,ECB_REFERENCE
2025-08-11,EUR,PLN,4.1222,ECB_REFERENCE
2025-08-11,EUR,RON,4.5824,ECB_REFERENCE
2025-08-11,EUR,EUR,1.0,ECB_REFERENCE
2025-08-12,EUR,PLN,4.1075,ECB_REFERENCE
2025-08-12,EUR,RON,4.6152,ECB_REFERENCE
2025-08-12,EUR,EUR,1.0,ECB_REFERENCE
2025-08-13,EUR,PLN,4.1332,ECB_REFERENCE
2025-08-13,EUR,RON,4.6336,ECB_REFERENCE
2025-08-13,EUR,EUR,1.0,ECB_REFERENCE
2025-08-14,EUR,PLN,4.1199,ECB_REFERENCE
2025-08-14,EUR,RON,4.6474,ECB_REFERENCE
2025-08-14,EUR,EUR,1.0,ECB_REFERENCE
2025-08-15,EUR,PLN,4.1291,ECB_REFERENCE
2025-08-15,EUR,RON,4.6546,ECB_REFERENCE
2025-08-15,EUR,EUR,1.0,ECB_REFERENCE
2025-08-16,EUR,PLN,4.1472,ECB_REFERENCE
2025-08-16,EUR,RON,4.665,ECB_REFERENCE
2025-08-16,EUR,EUR,1.0,ECB_REFERENCE
2025-08-17,EUR,PLN,4.1579,ECB_REFERENCE
2025-08-17,EUR,RON,4.6754,ECB_REFERENCE
2025-08-17,EUR,EUR,1.0,ECB_REFERENCE
2025-08-18,EUR,PLN,4.1629,ECB_REFERENCE
2025-08-18,EUR,RON,4.6462,ECB_REFERENCE
2025-08-18,EUR,EUR,1.0,ECB_REFERENCE
2025-08-19,EUR,PLN,4.1641,ECB_REFERENCE
2025-08-19,EUR,RON,4.6372,ECB_REFERENCE
2025-08-19,EUR,EUR,1.0,ECB_REFERENCE
2025-08-20,EUR,PLN,4.1454,ECB_REFERENCE
2025-08-20,EUR,RON,4.6645,ECB_REFERENCE
2025-08-20,EUR,EUR,1.0,ECB_REFERENCE
2025-08-21,EUR,PLN,4.1705,ECB_REFERENCE
2025-08-21,EUR,RON,4.6866,ECB_REFERENCE
2025-08-21,EUR,EUR,1.0,ECB_REFERENCE
2025-08-22,EUR,PLN,4.1742,ECB_REFERENCE
2025-08-22,EUR,RON,4.7088,ECB_REFERENCE
2025-08-22,EUR,EUR,1.0,ECB_REFERENCE
2025-08-23,EUR,PLN,4.1744,ECB_REFERENCE
2025-08-23,EUR,RON,4.7121,ECB_REFERENCE
2025-08-23,EUR,EUR,1.0,ECB_REFERENCE
2025-08-24,EUR,PLN,4.1584,ECB_REFERENCE
2025-08-24,EUR,RON,4.7187,ECB_REFERENCE
2025-08-24,EUR,EUR,1.0,ECB_REFERENCE
2025-08-25,EUR,PLN,4.1593,ECB_REFERENCE
2025-08-25,EUR,RON,4.6972,ECB_REFERENCE
2025-08-25,EUR,EUR,1.0,ECB_REFERENCE
2025-08-26,EUR,PLN,4.1586,ECB_REFERENCE
2025-08-26,EUR,RON,4.6959,ECB_REFERENCE
2025-08-26,EUR,EUR,1.0,ECB_REFERENCE
2025-08-27,EUR,PLN,4.1847,ECB_REFERENCE
2025-08-27,EUR,RON,4.7106,ECB_REFERENCE
2025-08-27,EUR,EUR,1.0,ECB_REFERENCE
2025-08-28,EUR,PLN,4.1849,ECB_REFERENCE
2025-08-28,EUR,RON,4.7147,ECB_REFERENCE
2025-08-28,EUR,EUR,1.0,ECB_REFERENCE
2025-08-29,EUR,PLN,4.1855,ECB_REFERENCE
2025-08-29,EUR,RON,4.7113,ECB_REFERENCE
2025-08-29,EUR,EUR,1.0,ECB_REFERENCE
2025-08-30,EUR,PLN,4.1697,ECB_REFERENCE
2025-08-30,EUR,RON,4.7088,ECB_REFERENCE
2025-08-30,EUR,EUR,1.0,ECB_REFERENCE
2025-08-31,EUR,PLN,4.1588,ECB_REFERENCE
2025-08-31,EUR,RON,4.6882,ECB_REFERENCE
2025-08-31,EUR,EUR,1.0,ECB_REFERENCE
2025-09-01,EUR,PLN,4.1662,ECB_REFERENCE
2025-09-01,EUR,RON,4.6946,ECB_REFERENCE
2025-09-01,EUR,EUR,1.0,ECB_REFERENCE
2025-09-02,EUR,PLN,4.1402,ECB_REFERENCE
2025-09-02,EUR,RON,4.6926,ECB_REFERENCE
2025-09-02,EUR,EUR,1.0,ECB_REFERENCE
2025-09-03,EUR,PLN,4.1546,ECB_REFERENCE
2025-09-03,EUR,RON,4.71,ECB_REFERENCE
2025-09-03,EUR,EUR,1.0,ECB_REFERENCE
2025-09-04,EUR,PLN,4.1695,ECB_REFERENCE
2025-09-04,EUR,RON,4.7107,ECB_REFERENCE
2025-09-04,EUR,EUR,1.0,ECB_REFERENCE
2025-09-05,EUR,PLN,4.1572,ECB_REFERENCE
2025-09-05,EUR,RON,4.6928,ECB_REFERENCE
2025-09-05,EUR,EUR,1.0,ECB_REFERENCE
2025-09-06,EUR,PLN,4.1622,ECB_REFERENCE
2025-09-06,EUR,RON,4.699,ECB_REFERENCE
2025-09-06,EUR,EUR,1.0,ECB_REFERENCE
2025-09-07,EUR,PLN,4.181,ECB_REFERENCE
2025-09-07,EUR,RON,4.7171,ECB_REFERENCE
2025-09-07,EUR,EUR,1.0,ECB_REFERENCE
2025-09-08,EUR,PLN,4.179,ECB_REFERENCE
2025-09-08,EUR,RON,4.6966,ECB_REFERENCE
2025-09-08,EUR,EUR,1.0,ECB_REFERENCE
2025-09-09,EUR,PLN,4.1744,ECB_REFERENCE
2025-09-09,EUR,RON,4.7001,ECB_REFERENCE
2025-09-09,EUR,EUR,1.0,ECB_REFERENCE
2025-09-10,EUR,PLN,4.1714,ECB_REFERENCE
2025-09-10,EUR,RON,4.6906,ECB_REFERENCE
2025-09-10,EUR,EUR,1.0,ECB_REFERENCE
2025-09-11,EUR,PLN,4.1751,ECB_REFERENCE
2025-09-11,EUR,RON,4.6824,ECB_REFERENCE
2025-09-11,EUR,EUR,1.0,ECB_REFERENCE
2025-09-12,EUR,PLN,4.1659,ECB_REFERENCE
2025-09-12,EUR,RON,4.6875,ECB_REFERENCE
2025-09-12,EUR,EUR,1.0,ECB_REFERENCE
2025-09-13,EUR,PLN,4.1601,ECB_REFERENCE
2025-09-13,EUR,RON,4.6915,ECB_REFERENCE
2025-09-13,EUR,EUR,1.0,ECB_REFERENCE
2025-09-14,EUR,PLN,4.164,ECB_REFERENCE
2025-09-14,EUR,RON,4.6728,ECB_REFERENCE
2025-09-14,EUR,EUR,1.0,ECB_REFERENCE
2025-09-15,EUR,PLN,4.157,ECB_REFERENCE
2025-09-15,EUR,RON,4.6963,ECB_REFERENCE
2025-09-15,EUR,EUR,1.0,ECB_REFERENCE
2025-09-16,EUR,PLN,4.1401,ECB_REFERENCE
2025-09-16,EUR,RON,4.6615,ECB_REFERENCE
2025-09-16,EUR,EUR,1.0,ECB_REFERENCE
2025-09-17,EUR,PLN,4.1131,ECB_REFERENCE
2025-09-17,EUR,RON,4.662,ECB_REFERENCE
2025-09-17,EUR,EUR,1.0,ECB_REFERENCE
2025-09-18,EUR,PLN,4.1136,ECB_REFERENCE
2025-09-18,EUR,RON,4.66,ECB_REFERENCE
2025-09-18,EUR,EUR,1.0,ECB_REFERENCE
2025-09-19,EUR,PLN,4.1311,ECB_REFERENCE
2025-09-19,EUR,RON,4.6164,ECB_REFERENCE
2025-09-19,EUR,EUR,1.0,ECB_REFERENCE
2025-09-20,EUR,PLN,4.1368,ECB_REFERENCE
2025-09-20,EUR,RON,4.6417,ECB_REFERENCE
2025-09-20,EUR,EUR,1.0,ECB_REFERENCE
2025-09-21,EUR,PLN,4.1205,ECB_REFERENCE
2025-09-21,EUR,RON,4.6355,ECB_REFERENCE
2025-09-21,EUR,EUR,1.0,ECB_REFERENCE
2025-09-22,EUR,PLN,4.1096,ECB_REFERENCE
2025-09-22,EUR,RON,4.621,ECB_REFERENCE
2025-09-22,EUR,EUR,1.0,ECB_REFERENCE
2025-09-23,EUR,PLN,4.1049,ECB_REFERENCE
2025-09-23,EUR,RON,4.6441,ECB_REFERENCE
2025-09-23,EUR,EUR,1.0,ECB_REFERENCE
2025-09-24,EUR,PLN,4.1313,ECB_REFERENCE
2025-09-24,EUR,RON,4.6386,ECB_REFERENCE
2025-09-24,EUR,EUR,1.0,ECB_REFERENCE
2025-09-25,EUR,PLN,4.1589,ECB_REFERENCE
2025-09-25,EUR,RON,4.6392,ECB_REFERENCE
2025-09-25,EUR,EUR,1.0,ECB_REFERENCE
2025-09-26,EUR,PLN,4.1844,ECB_REFERENCE
2025-09-26,EUR,RON,4.6377,ECB_REFERENCE
2025-09-26,EUR,EUR,1.0,ECB_REFERENCE
2025-09-27,EUR,PLN,4.1863,ECB_REFERENCE
2025-09-27,EUR,RON,4.6436,ECB_REFERENCE
2025-09-27,EUR,EUR,1.0,ECB_REFERENCE
2025-09-28,EUR,PLN,4.2329,ECB_REFERENCE
2025-09-28,EUR,RON,4.6575,ECB_REFERENCE
2025-09-28,EUR,EUR,1.0,ECB_REFERENCE
2025-09-29,EUR,PLN,4.2224,ECB_REFERENCE
2025-09-29,EUR,RON,4.6732,ECB_REFERENCE
2025-09-29,EUR,EUR,1.0,ECB_REFERENCE
2025-09-30,EUR,PLN,4.2171,ECB_REFERENCE
2025-09-30,EUR,RON,4.6652,ECB_REFERENCE
2025-09-30,EUR,EUR,1.0,ECB_REFERENCE
2025-10-01,EUR,PLN,4.2305,ECB_REFERENCE
2025-10-01,EUR,RON,4.6657,ECB_REFERENCE
2025-10-01,EUR,EUR,1.0,ECB_REFERENCE
2025-10-02,EUR,PLN,4.2346,ECB_REFERENCE
2025-10-02,EUR,RON,4.666,ECB_REFERENCE
2025-10-02,EUR,EUR,1.0,ECB_REFERENCE
2025-10-03,EUR,PLN,4.2396,ECB_REFERENCE
2025-10-03,EUR,RON,4.6729,ECB_REFERENCE
2025-10-03,EUR,EUR,1.0,ECB_REFERENCE
2025-10-04,EUR,PLN,4.2108,ECB_REFERENCE
2025-10-04,EUR,RON,4.6838,ECB_REFERENCE
2025-10-04,EUR,EUR,1.0,ECB_REFERENCE
2025-10-05,EUR,PLN,4.1964,ECB_REFERENCE
2025-10-05,EUR,RON,4.6602,ECB_REFERENCE
2025-10-05,EUR,EUR,1.0,ECB_REFERENCE
2025-10-06,EUR,PLN,4.1955,ECB_REFERENCE
2025-10-06,EUR,RON,4.6615,ECB_REFERENCE
2025-10-06,EUR,EUR,1.0,ECB_REFERENCE
2025-10-07,EUR,PLN,4.1853,ECB_REFERENCE
2025-10-07,EUR,RON,4.6751,ECB_REFERENCE
2025-10-07,EUR,EUR,1.0,ECB_REFERENCE
2025-10-08,EUR,PLN,4.1657,ECB_REFERENCE
2025-10-08,EUR,RON,4.6684,ECB_REFERENCE
2025-10-08,EUR,EUR,1.0,ECB_REFERENCE
2025-10-09,EUR,PLN,4.1571,ECB_REFERENCE
2025-10-09,EUR,RON,4.6677,ECB_REFERENCE
2025-10-09,EUR,EUR,1.0,ECB_REFERENCE
2025-10-10,EUR,PLN,4.1612,ECB_REFERENCE
2025-10-10,EUR,RON,4.6512,ECB_REFERENCE
2025-10-10,EUR,EUR,1.0,ECB_REFERENCE
2025-10-11,EUR,PLN,4.1717,ECB_REFERENCE
2025-10-11,EUR,RON,4.6522,ECB_REFERENCE
2025-10-11,EUR,EUR,1.0,ECB_REFERENCE
2025-10-12,EUR,PLN,4.1441,ECB_REFERENCE
2025-10-12,EUR,RON,4.6203,ECB_REFERENCE
2025-10-12,EUR,EUR,1.0,ECB_REFERENCE
2025-10-13,EUR,PLN,4.1439,ECB_REFERENCE
2025-10-13,EUR,RON,4.6168,ECB_REFERENCE
2025-10-13,EUR,EUR,1.0,ECB_REFERENCE
2025-10-14,EUR,PLN,4.1424,ECB_REFERENCE
2025-10-14,EUR,RON,4.6163,ECB_REFERENCE
2025-10-14,EUR,EUR,1.0,ECB_REFERENCE
2025-10-15,EUR,PLN,4.1457,ECB_REFERENCE
2025-10-15,EUR,RON,4.6316,ECB_REFERENCE
2025-10-15,EUR,EUR,1.0,ECB_REFERENCE
2025-10-16,EUR,PLN,4.1296,ECB_REFERENCE
2025-10-16,EUR,RON,4.6126,ECB_REFERENCE
2025-10-16,EUR,EUR,1.0,ECB_REFERENCE
2025-10-17,EUR,PLN,4.1138,ECB_REFERENCE
2025-10-17,EUR,RON,4.6173,ECB_REFERENCE
2025-10-17,EUR,EUR,1.0,ECB_REFERENCE
2025-10-18,EUR,PLN,4.1317,ECB_REFERENCE
2025-10-18,EUR,RON,4.6103,ECB_REFERENCE
2025-10-18,EUR,EUR,1.0,ECB_REFERENCE
2025-10-19,EUR,PLN,4.0955,ECB_REFERENCE
2025-10-19,EUR,RON,4.5828,ECB_REFERENCE
2025-10-19,EUR,EUR,1.0,ECB_REFERENCE
2025-10-20,EUR,PLN,4.0836,ECB_REFERENCE
2025-10-20,EUR,RON,4.5739,ECB_REFERENCE
2025-10-20,EUR,EUR,1.0,ECB_REFERENCE
2025-10-21,EUR,PLN,4.0778,ECB_REFERENCE
2025-10-21,EUR,RON,4.5745,ECB_REFERENCE
2025-10-21,EUR,EUR,1.0,ECB_REFERENCE
2025-10-22,EUR,PLN,4.0733,ECB_REFERENCE
2025-10-22,EUR,RON,4.5913,ECB_REFERENCE
2025-10-22,EUR,EUR,1.0,ECB_REFERENCE
2025-10-23,EUR,PLN,4.0637,ECB_REFERENCE
2025-10-23,EUR,RON,4.5774,ECB_REFERENCE
2025-10-23,EUR,EUR,1.0,ECB_REFERENCE
2025-10-24,EUR,PLN,4.0705,ECB_REFERENCE
2025-10-24,EUR,RON,4.5528,ECB_REFERENCE
2025-10-24,EUR,EUR,1.0,ECB_REFERENCE
2025-10-25,EUR,PLN,4.076,ECB_REFERENCE
2025-10-25,EUR,RON,4.5545,ECB_REFERENCE
2025-10-25,EUR,EUR,1.0,ECB_REFERENCE
2025-10-26,EUR,PLN,4.0739,ECB_REFERENCE
2025-10-26,EUR,RON,4.5798,ECB_REFERENCE
2025-10-26,EUR,EUR,1.0,ECB_REFERENCE
2025-10-27,EUR,PLN,4.0651,ECB_REFERENCE
2025-10-27,EUR,RON,4.6128,ECB_REFERENCE
2025-10-27,EUR,EUR,1.0,ECB_REFERENCE
2025-10-28,EUR,PLN,4.0619,ECB_REFERENCE
2025-10-28,EUR,RON,4.5922,ECB_REFERENCE
2025-10-28,EUR,EUR,1.0,ECB_REFERENCE
2025-10-29,EUR,PLN,4.0628,ECB_REFERENCE
2025-10-29,EUR,RON,4.5749,ECB_REFERENCE
2025-10-29,EUR,EUR,1.0,ECB_REFERENCE
2025-10-30,EUR,PLN,4.0522,ECB_REFERENCE
2025-10-30,EUR,RON,4.5813,ECB_REFERENCE
2025-10-30,EUR,EUR,1.0,ECB_REFERENCE
2025-10-31,EUR,PLN,4.06,ECB_REFERENCE
2025-10-31,EUR,RON,4.5713,ECB_REFERENCE
2025-10-31,EUR,EUR,1.0,ECB_REFERENCE
2025-11-01,EUR,PLN,4.0741,ECB_REFERENCE
2025-11-01,EUR,RON,4.5898,ECB_REFERENCE
2025-11-01,EUR,EUR,1.0,ECB_REFERENCE
2025-11-02,EUR,PLN,4.0945,ECB_REFERENCE
2025-11-02,EUR,RON,4.5983,ECB_REFERENCE
2025-11-02,EUR,EUR,1.0,ECB_REFERENCE
2025-11-03,EUR,PLN,4.1141,ECB_REFERENCE
2025-11-03,EUR,RON,4.568,ECB_REFERENCE
2025-11-03,EUR,EUR,1.0,ECB_REFERENCE
2025-11-04,EUR,PLN,4.1095,ECB_REFERENCE
2025-11-04,EUR,RON,4.5542,ECB_REFERENCE
2025-11-04,EUR,EUR,1.0,ECB_REFERENCE
2025-11-05,EUR,PLN,4.1112,ECB_REFERENCE
2025-11-05,EUR,RON,4.5451,ECB_REFERENCE
2025-11-05,EUR,EUR,1.0,ECB_REFERENCE
2025-11-06,EUR,PLN,4.1088,ECB_REFERENCE
2025-11-06,EUR,RON,4.575,ECB_REFERENCE
2025-11-06,EUR,EUR,1.0,ECB_REFERENCE
2025-11-07,EUR,PLN,4.1064,ECB_REFERENCE
2025-11-07,EUR,RON,4.5816,ECB_REFERENCE
2025-11-07,EUR,EUR,1.0,ECB_REFERENCE
2025-11-08,EUR,PLN,4.1031,ECB_REFERENCE
2025-11-08,EUR,RON,4.5829,ECB_REFERENCE
2025-11-08,EUR,EUR,1.0,ECB_REFERENCE
2025-11-09,EUR,PLN,4.1031,ECB_REFERENCE
2025-11-09,EUR,RON,4.59,ECB_REFERENCE
2025-11-09,EUR,EUR,1.0,ECB_REFERENCE
2025-11-10,EUR,PLN,4.1199,ECB_REFERENCE
2025-11-10,EUR,RON,4.6165,ECB_REFERENCE
2025-11-10,EUR,EUR,1.0,ECB_REFERENCE
2025-11-11,EUR,PLN,4.1243,ECB_REFERENCE
2025-11-11,EUR,RON,4.626,ECB_REFERENCE
2025-11-11,EUR,EUR,1.0,ECB_REFERENCE
2025-11-12,EUR,PLN,4.1077,ECB_REFERENCE
2025-11-12,EUR,RON,4.6246,ECB_REFERENCE
2025-11-12,EUR,EUR,1.0,ECB_REFERENCE
2025-11-13,EUR,PLN,4.1212,ECB_REFERENCE
2025-11-13,EUR,RON,4.6386,ECB_REFERENCE
2025-11-13,EUR,EUR,1.0,ECB_REFERENCE
2025-11-14,EUR,PLN,4.1243,ECB_REFERENCE
2025-11-14,EUR,RON,4.653,ECB_REFERENCE
2025-11-14,EUR,EUR,1.0,ECB_REFERENCE
2025-11-15,EUR,PLN,4.1314,ECB_REFERENCE
2025-11-15,EUR,RON,4.6726,ECB_REFERENCE
2025-11-15,EUR,EUR,1.0,ECB_REFERENCE
2025-11-16,EUR,PLN,4.1356,ECB_REFERENCE
2025-11-16,EUR,RON,4.6668,ECB_REFERENCE
2025-11-16,EUR,EUR,1.0,ECB_REFERENCE
2025-11-17,EUR,PLN,4.1404,ECB_REFERENCE
2025-11-17,EUR,RON,4.6189,ECB_REFERENCE
2025-11-17,EUR,EUR,1.0,ECB_REFERENCE
2025-11-18,EUR,PLN,4.146,ECB_REFERENCE
2025-11-18,EUR,RON,4.5599,ECB_REFERENCE
2025-11-18,EUR,EUR,1.0,ECB_REFERENCE
2025-11-19,EUR,PLN,4.121,ECB_REFERENCE
2025-11-19,EUR,RON,4.5671,ECB_REFERENCE
2025-11-19,EUR,EUR,1.0,ECB_REFERENCE
2025-11-20,EUR,PLN,4.1279,ECB_REFERENCE
2025-11-20,EUR,RON,4.5485,ECB_REFERENCE
2025-11-20,EUR,EUR,1.0,ECB_REFERENCE
2025-11-21,EUR,PLN,4.1176,ECB_REFERENCE
2025-11-21,EUR,RON,4.5704,ECB_REFERENCE
2025-11-21,EUR,EUR,1.0,ECB_REFERENCE
2025-11-22,EUR,PLN,4.1106,ECB_REFERENCE
2025-11-22,EUR,RON,4.6062,ECB_REFERENCE
2025-11-22,EUR,EUR,1.0,ECB_REFERENCE
2025-11-23,EUR,PLN,4.1106,ECB_REFERENCE
2025-11-23,EUR,RON,4.6128,ECB_REFERENCE
2025-11-23,EUR,EUR,1.0,ECB_REFERENCE
2025-11-24,EUR,PLN,4.1338,ECB_REFERENCE
2025-11-24,EUR,RON,4.6149,ECB_REFERENCE
2025-11-24,EUR,EUR,1.0,ECB_REFERENCE
2025-11-25,EUR,PLN,4.1193,ECB_REFERENCE
2025-11-25,EUR,RON,4.6132,ECB_REFERENCE
2025-11-25,EUR,EUR,1.0,ECB_REFERENCE
2025-11-26,EUR,PLN,4.1188,ECB_REFERENCE
2025-11-26,EUR,RON,4.5911,ECB_REFERENCE
2025-11-26,EUR,EUR,1.0,ECB_REFERENCE
2025-11-27,EUR,PLN,4.1151,ECB_REFERENCE
2025-11-27,EUR,RON,4.5792,ECB_REFERENCE
2025-11-27,EUR,EUR,1.0,ECB_REFERENCE
2025-11-28,EUR,PLN,4.1284,ECB_REFERENCE
2025-11-28,EUR,RON,4.5797,ECB_REFERENCE
2025-11-28,EUR,EUR,1.0,ECB_REFERENCE
2025-11-29,EUR,PLN,4.1243,ECB_REFERENCE
2025-11-29,EUR,RON,4.578,ECB_REFERENCE
2025-11-29,EUR,EUR,1.0,ECB_REFERENCE
2025-11-30,EUR,PLN,4.1276,ECB_REFERENCE
2025-11-30,EUR,RON,4.5879,ECB_REFERENCE
2025-11-30,EUR,EUR,1.0,ECB_REFERENCE
2025-12-01,EUR,PLN,4.1131,ECB_REFERENCE
2025-12-01,EUR,RON,4.5712,ECB_REFERENCE
2025-12-01,EUR,EUR,1.0,ECB_REFERENCE
2025-12-02,EUR,PLN,4.129,ECB_REFERENCE
2025-12-02,EUR,RON,4.5646,ECB_REFERENCE
2025-12-02,EUR,EUR,1.0,ECB_REFERENCE
2025-12-03,EUR,PLN,4.1086,ECB_REFERENCE
2025-12-03,EUR,RON,4.5717,ECB_REFERENCE
2025-12-03,EUR,EUR,1.0,ECB_REFERENCE
2025-12-04,EUR,PLN,4.1152,ECB_REFERENCE
2025-12-04,EUR,RON,4.5472,ECB_REFERENCE
2025-12-04,EUR,EUR,1.0,ECB_REFERENCE
2025-12-05,EUR,PLN,4.1185,ECB_REFERENCE
2025-12-05,EUR,RON,4.5589,ECB_REFERENCE
2025-12-05,EUR,EUR,1.0,ECB_REFERENCE
2025-12-06,EUR,PLN,4.1239,ECB_REFERENCE
2025-12-06,EUR,RON,4.569,ECB_REFERENCE
2025-12-06,EUR,EUR,1.0,ECB_REFERENCE
2025-12-07,EUR,PLN,4.1036,ECB_REFERENCE
2025-12-07,EUR,RON,4.5743,ECB_REFERENCE
2025-12-07,EUR,EUR,1.0,ECB_REFERENCE
2025-12-08,EUR,PLN,4.0993,ECB_REFERENCE
2025-12-08,EUR,RON,4.5666,ECB_REFERENCE
2025-12-08,EUR,EUR,1.0,ECB_REFERENCE
2025-12-09,EUR,PLN,4.1118,ECB_REFERENCE
2025-12-09,EUR,RON,4.5902,ECB_REFERENCE
2025-12-09,EUR,EUR,1.0,ECB_REFERENCE
2025-12-10,EUR,PLN,4.1376,ECB_REFERENCE
2025-12-10,EUR,RON,4.6113,ECB_REFERENCE
2025-12-10,EUR,EUR,1.0,ECB_REFERENCE
2025-12-11,EUR,PLN,4.136,ECB_REFERENCE
2025-12-11,EUR,RON,4.617,ECB_REFERENCE
2025-12-11,EUR,EUR,1.0,ECB_REFERENCE
2025-12-12,EUR,PLN,4.1471,ECB_REFERENCE
2025-12-12,EUR,RON,4.619,ECB_REFERENCE
2025-12-12,EUR,EUR,1.0,ECB_REFERENCE
2025-12-13,EUR,PLN,4.149,ECB_REFERENCE
2025-12-13,EUR,RON,4.6323,ECB_REFERENCE
2025-12-13,EUR,EUR,1.0,ECB_REFERENCE
2025-12-14,EUR,PLN,4.1482,ECB_REFERENCE
2025-12-14,EUR,RON,4.6205,ECB_REFERENCE
2025-12-14,EUR,EUR,1.0,ECB_REFERENCE
2025-12-15,EUR,PLN,4.1421,ECB_REFERENCE
2025-12-15,EUR,RON,4.6307,ECB_REFERENCE
2025-12-15,EUR,EUR,1.0,ECB_REFERENCE
2025-12-16,EUR,PLN,4.1422,ECB_REFERENCE
2025-12-16,EUR,RON,4.6362,ECB_REFERENCE
2025-12-16,EUR,EUR,1.0,ECB_REFERENCE
2025-12-17,EUR,PLN,4.1519,ECB_REFERENCE
2025-12-17,EUR,RON,4.6302,ECB_REFERENCE
2025-12-17,EUR,EUR,1.0,ECB_REFERENCE
2025-12-18,EUR,PLN,4.1629,ECB_REFERENCE
2025-12-18,EUR,RON,4.6363,ECB_REFERENCE
2025-12-18,EUR,EUR,1.0,ECB_REFERENCE
2025-12-19,EUR,PLN,4.1449,ECB_REFERENCE
2025-12-19,EUR,RON,4.6597,ECB_REFERENCE
2025-12-19,EUR,EUR,1.0,ECB_REFERENCE
2025-12-20,EUR,PLN,4.1376,ECB_REFERENCE
2025-12-20,EUR,RON,4.6327,ECB_REFERENCE
2025-12-20,EUR,EUR,1.0,ECB_REFERENCE
2025-12-21,EUR,PLN,4.1225,ECB_REFERENCE
2025-12-21,EUR,RON,4.6161,ECB_REFERENCE
2025-12-21,EUR,EUR,1.0,ECB_REFERENCE
2025-12-22,EUR,PLN,4.1233,ECB_REFERENCE
2025-12-22,EUR,RON,4.6117,ECB_REFERENCE
2025-12-22,EUR,EUR,1.0,ECB_REFERENCE
2025-12-23,EUR,PLN,4.1184,ECB_REFERENCE
2025-12-23,EUR,RON,4.6217,ECB_REFERENCE
2025-12-23,EUR,EUR,1.0,ECB_REFERENCE
2025-12-24,EUR,PLN,4.1233,ECB_REFERENCE
2025-12-24,EUR,RON,4.6268,ECB_REFERENCE
2025-12-24,EUR,EUR,1.0,ECB_REFERENCE
2025-12-25,EUR,PLN,4.1292,ECB_REFERENCE
2025-12-25,EUR,RON,4.6368,ECB_REFERENCE
2025-12-25,EUR,EUR,1.0,ECB_REFERENCE
2025-12-26,EUR,PLN,4.0987,ECB_REFERENCE
2025-12-26,EUR,RON,4.6309,ECB_REFERENCE
2025-12-26,EUR,EUR,1.0,ECB_REFERENCE
2025-12-27,EUR,PLN,4.0675,ECB_REFERENCE
2025-12-27,EUR,RON,4.6315,ECB_REFERENCE
2025-12-27,EUR,EUR,1.0,ECB_REFERENCE
2025-12-28,EUR,PLN,4.0674,ECB_REFERENCE
2025-12-28,EUR,RON,4.6484,ECB_REFERENCE
2025-12-28,EUR,EUR,1.0,ECB_REFERENCE
2025-12-29,EUR,PLN,4.0843,ECB_REFERENCE
2025-12-29,EUR,RON,4.6517,ECB_REFERENCE
2025-12-29,EUR,EUR,1.0,ECB_REFERENCE
2025-12-30,EUR,PLN,4.0772,ECB_REFERENCE
2025-12-30,EUR,RON,4.6596,ECB_REFERENCE
2025-12-30,EUR,EUR,1.0,ECB_REFERENCE
2025-12-31,EUR,PLN,4.0696,ECB_REFERENCE
2025-12-31,EUR,RON,4.6596,ECB_REFERENCE
2025-12-31,EUR,EUR,1.0,ECB_REFERENCE
2026-01-01,EUR,PLN,4.0837,ECB_REFERENCE
2026-01-01,EUR,RON,4.6505,ECB_REFERENCE
2026-01-01,EUR,EUR,1.0,ECB_REFERENCE
2026-01-02,EUR,PLN,4.0952,ECB_REFERENCE
2026-01-02,EUR,RON,4.6615,ECB_REFERENCE
2026-01-02,EUR,EUR,1.0,ECB_REFERENCE
2026-01-03,EUR,PLN,4.0815,ECB_REFERENCE
2026-01-03,EUR,RON,4.6774,ECB_REFERENCE
2026-01-03,EUR,EUR,1.0,ECB_REFERENCE
2026-01-04,EUR,PLN,4.0915,ECB_REFERENCE
2026-01-04,EUR,RON,4.6791,ECB_REFERENCE
2026-01-04,EUR,EUR,1.0,ECB_REFERENCE
2026-01-05,EUR,PLN,4.0806,ECB_REFERENCE
2026-01-05,EUR,RON,4.665,ECB_REFERENCE
2026-01-05,EUR,EUR,1.0,ECB_REFERENCE
2026-01-06,EUR,PLN,4.0729,ECB_REFERENCE
2026-01-06,EUR,RON,4.6739,ECB_REFERENCE
2026-01-06,EUR,EUR,1.0,ECB_REFERENCE
2026-01-07,EUR,PLN,4.0593,ECB_REFERENCE
2026-01-07,EUR,RON,4.681,ECB_REFERENCE
2026-01-07,EUR,EUR,1.0,ECB_REFERENCE
2026-01-08,EUR,PLN,4.0416,ECB_REFERENCE
2026-01-08,EUR,RON,4.6777,ECB_REFERENCE
2026-01-08,EUR,EUR,1.0,ECB_REFERENCE
2026-01-09,EUR,PLN,4.0432,ECB_REFERENCE
2026-01-09,EUR,RON,4.7177,ECB_REFERENCE
2026-01-09,EUR,EUR,1.0,ECB_REFERENCE
2026-01-10,EUR,PLN,4.0237,ECB_REFERENCE
2026-01-10,EUR,RON,4.742,ECB_REFERENCE
2026-01-10,EUR,EUR,1.0,ECB_REFERENCE
2026-01-11,EUR,PLN,4.0258,ECB_REFERENCE
2026-01-11,EUR,RON,4.7489,ECB_REFERENCE
2026-01-11,EUR,EUR,1.0,ECB_REFERENCE
2026-01-12,EUR,PLN,4.0275,ECB_REFERENCE
2026-01-12,EUR,RON,4.7563,ECB_REFERENCE
2026-01-12,EUR,EUR,1.0,ECB_REFERENCE
2026-01-13,EUR,PLN,4.0253,ECB_REFERENCE
2026-01-13,EUR,RON,4.7805,ECB_REFERENCE
2026-01-13,EUR,EUR,1.0,ECB_REFERENCE
2026-01-14,EUR,PLN,4.0189,ECB_REFERENCE
2026-01-14,EUR,RON,4.7994,ECB_REFERENCE
2026-01-14,EUR,EUR,1.0,ECB_REFERENCE
2026-01-15,EUR,PLN,4.0098,ECB_REFERENCE
2026-01-15,EUR,RON,4.7984,ECB_REFERENCE
2026-01-15,EUR,EUR,1.0,ECB_REFERENCE
2026-01-16,EUR,PLN,3.9948,ECB_REFERENCE
2026-01-16,EUR,RON,4.806,ECB_REFERENCE
2026-01-16,EUR,EUR,1.0,ECB_REFERENCE
2026-01-17,EUR,PLN,4.015,ECB_REFERENCE
2026-01-17,EUR,RON,4.8047,ECB_REFERENCE
2026-01-17,EUR,EUR,1.0,ECB_REFERENCE
2026-01-18,EUR,PLN,4.0122,ECB_REFERENCE
2026-01-18,EUR,RON,4.786,ECB_REFERENCE
2026-01-18,EUR,EUR,1.0,ECB_REFERENCE
2026-01-19,EUR,PLN,4.009,ECB_REFERENCE
2026-01-19,EUR,RON,4.7593,ECB_REFERENCE
2026-01-19,EUR,EUR,1.0,ECB_REFERENCE
2026-01-20,EUR,PLN,3.9962,ECB_REFERENCE
2026-01-20,EUR,RON,4.7631,ECB_REFERENCE
2026-01-20,EUR,EUR,1.0,ECB_REFERENCE
2026-01-21,EUR,PLN,4.0146,ECB_REFERENCE
2026-01-21,EUR,RON,4.8099,ECB_REFERENCE
2026-01-21,EUR,EUR,1.0,ECB_REFERENCE
2026-01-22,EUR,PLN,4.0064,ECB_REFERENCE
2026-01-22,EUR,RON,4.8341,ECB_REFERENCE
2026-01-22,EUR,EUR,1.0,ECB_REFERENCE
2026-01-23,EUR,PLN,4.0098,ECB_REFERENCE
2026-01-23,EUR,RON,4.8315,ECB_REFERENCE
2026-01-23,EUR,EUR,1.0,ECB_REFERENCE
2026-01-24,EUR,PLN,4.0159,ECB_REFERENCE
2026-01-24,EUR,RON,4.8326,ECB_REFERENCE
2026-01-24,EUR,EUR,1.0,ECB_REFERENCE
2026-01-25,EUR,PLN,4.0174,ECB_REFERENCE
2026-01-25,EUR,RON,4.8257,ECB_REFERENCE
2026-01-25,EUR,EUR,1.0,ECB_REFERENCE
2026-01-26,EUR,PLN,3.9978,ECB_REFERENCE
2026-01-26,EUR,RON,4.7996,ECB_REFERENCE
2026-01-26,EUR,EUR,1.0,ECB_REFERENCE
2026-01-27,EUR,PLN,4.0069,ECB_REFERENCE
2026-01-27,EUR,RON,4.7949,ECB_REFERENCE
2026-01-27,EUR,EUR,1.0,ECB_REFERENCE
2026-01-28,EUR,PLN,3.9985,ECB_REFERENCE
2026-01-28,EUR,RON,4.7951,ECB_REFERENCE
2026-01-28,EUR,EUR,1.0,ECB_REFERENCE
2026-01-29,EUR,PLN,4.0097,ECB_REFERENCE
2026-01-29,EUR,RON,4.7981,ECB_REFERENCE
2026-01-29,EUR,EUR,1.0,ECB_REFERENCE
2026-01-30,EUR,PLN,4.0004,ECB_REFERENCE
2026-01-30,EUR,RON,4.8187,ECB_REFERENCE
2026-01-30,EUR,EUR,1.0,ECB_REFERENCE
2026-01-31,EUR,PLN,4.0226,ECB_REFERENCE
2026-01-31,EUR,RON,4.827,ECB_REFERENCE
2026-01-31,EUR,EUR,1.0,ECB_REFERENCE
2026-02-01,EUR,PLN,4.0363,ECB_REFERENCE
2026-02-01,EUR,RON,4.848,ECB_REFERENCE
2026-02-01,EUR,EUR,1.0,ECB_REFERENCE
2026-02-02,EUR,PLN,4.0522,ECB_REFERENCE
2026-02-02,EUR,RON,4.8584,ECB_REFERENCE
2026-02-02,EUR,EUR,1.0,ECB_REFERENCE
2026-02-03,EUR,PLN,4.0607,ECB_REFERENCE
2026-02-03,EUR,RON,4.8673,ECB_REFERENCE
2026-02-03,EUR,EUR,1.0,ECB_REFERENCE
2026-02-04,EUR,PLN,4.0451,ECB_REFERENCE
2026-02-04,EUR,RON,4.8792,ECB_REFERENCE
2026-02-04,EUR,EUR,1.0,ECB_REFERENCE
2026-02-05,EUR,PLN,4.0259,ECB_REFERENCE
2026-02-05,EUR,RON,4.8656,ECB_REFERENCE
2026-02-05,EUR,EUR,1.0,ECB_REFERENCE
2026-02-06,EUR,PLN,4.0443,ECB_REFERENCE
2026-02-06,EUR,RON,4.88,ECB_REFERENCE
2026-02-06,EUR,EUR,1.0,ECB_REFERENCE
2026-02-07,EUR,PLN,4.0654,ECB_REFERENCE
2026-02-07,EUR,RON,4.8753,ECB_REFERENCE
2026-02-07,EUR,EUR,1.0,ECB_REFERENCE
2026-02-08,EUR,PLN,4.049,ECB_REFERENCE
2026-02-08,EUR,RON,4.8712,ECB_REFERENCE
2026-02-08,EUR,EUR,1.0,ECB_REFERENCE
2026-02-09,EUR,PLN,4.0504,ECB_REFERENCE
2026-02-09,EUR,RON,4.8726,ECB_REFERENCE
2026-02-09,EUR,EUR,1.0,ECB_REFERENCE
2026-02-10,EUR,PLN,4.0665,ECB_REFERENCE
2026-02-10,EUR,RON,4.8664,ECB_REFERENCE
2026-02-10,EUR,EUR,1.0,ECB_REFERENCE
2026-02-11,EUR,PLN,4.0715,ECB_REFERENCE
2026-02-11,EUR,RON,4.8496,ECB_REFERENCE
2026-02-11,EUR,EUR,1.0,ECB_REFERENCE
2026-02-12,EUR,PLN,4.0779,ECB_REFERENCE
2026-02-12,EUR,RON,4.8496,ECB_REFERENCE
2026-02-12,EUR,EUR,1.0,ECB_REFERENCE
2026-02-13,EUR,PLN,4.0672,ECB_REFERENCE
2026-02-13,EUR,RON,4.8456,ECB_REFERENCE
2026-02-13,EUR,EUR,1.0,ECB_REFERENCE
2026-02-14,EUR,PLN,4.0646,ECB_REFERENCE
2026-02-14,EUR,RON,4.841,ECB_REFERENCE
2026-02-14,EUR,EUR,1.0,ECB_REFERENCE
2026-02-15,EUR,PLN,4.0898,ECB_REFERENCE
2026-02-15,EUR,RON,4.8394,ECB_REFERENCE
2026-02-15,EUR,EUR,1.0,ECB_REFERENCE
2026-02-16,EUR,PLN,4.0863,ECB_REFERENCE
2026-02-16,EUR,RON,4.8038,ECB_REFERENCE
2026-02-16,EUR,EUR,1.0,ECB_REFERENCE
2026-02-17,EUR,PLN,4.0735,ECB_REFERENCE
2026-02-17,EUR,RON,4.7994,ECB_REFERENCE
2026-02-17,EUR,EUR,1.0,ECB_REFERENCE
2026-02-18,EUR,PLN,4.0637,ECB_REFERENCE
2026-02-18,EUR,RON,4.8226,ECB_REFERENCE
2026-02-18,EUR,EUR,1.0,ECB_REFERENCE
2026-02-19,EUR,PLN,4.0614,ECB_REFERENCE
2026-02-19,EUR,RON,4.8444,ECB_REFERENCE
2026-02-19,EUR,EUR,1.0,ECB_REFERENCE
2026-02-20,EUR,PLN,4.0622,ECB_REFERENCE
2026-02-20,EUR,RON,4.845,ECB_REFERENCE
2026-02-20,EUR,EUR,1.0,ECB_REFERENCE
2026-02-21,EUR,PLN,4.061,ECB_REFERENCE
2026-02-21,EUR,RON,4.8451,ECB_REFERENCE
2026-02-21,EUR,EUR,1.0,ECB_REFERENCE
2026-02-22,EUR,PLN,4.0854,ECB_REFERENCE
2026-02-22,EUR,RON,4.8057,ECB_REFERENCE
2026-02-22,EUR,EUR,1.0,ECB_REFERENCE
2026-02-23,EUR,PLN,4.0568,ECB_REFERENCE
2026-02-23,EUR,RON,4.7966,ECB_REFERENCE
2026-02-23,EUR,EUR,1.0,ECB_REFERENCE
2026-02-24,EUR,PLN,4.057,ECB_REFERENCE
2026-02-24,EUR,RON,4.8082,ECB_REFERENCE
2026-02-24,EUR,EUR,1.0,ECB_REFERENCE
2026-02-25,EUR,PLN,4.0637,ECB_REFERENCE
2026-02-25,EUR,RON,4.8017,ECB_REFERENCE
2026-02-25,EUR,EUR,1.0,ECB_REFERENCE
2026-02-26,EUR,PLN,4.0782,ECB_REFERENCE
2026-02-26,EUR,RON,4.819,ECB_REFERENCE
2026-02-26,EUR,EUR,1.0,ECB_REFERENCE
2026-02-27,EUR,PLN,4.0808,ECB_REFERENCE
2026-02-27,EUR,RON,4.8353,ECB_REFERENCE
2026-02-27,EUR,EUR,1.0,ECB_REFERENCE
2026-02-28,EUR,PLN,4.0847,ECB_REFERENCE
2026-02-28,EUR,RON,4.8258,ECB_REFERENCE
2026-02-28,EUR,EUR,1.0,ECB_REFERENCE
2026-03-01,EUR,PLN,4.0947,ECB_REFERENCE
2026-03-01,EUR,RON,4.8276,ECB_REFERENCE
2026-03-01,EUR,EUR,1.0,ECB_REFERENCE
2026-03-02,EUR,PLN,4.0947,ECB_REFERENCE
2026-03-02,EUR,RON,4.8525,ECB_REFERENCE
2026-03-02,EUR,EUR,1.0,ECB_REFERENCE
2026-03-03,EUR,PLN,4.0596,ECB_REFERENCE
2026-03-03,EUR,RON,4.8284,ECB_REFERENCE
2026-03-03,EUR,EUR,1.0,ECB_REFERENCE
2026-03-04,EUR,PLN,4.0427,ECB_REFERENCE
2026-03-04,EUR,RON,4.8223,ECB_REFERENCE
2026-03-04,EUR,EUR,1.0,ECB_REFERENCE
2026-03-05,EUR,PLN,4.0391,ECB_REFERENCE
2026-03-05,EUR,RON,4.7969,ECB_REFERENCE
2026-03-05,EUR,EUR,1.0,ECB_REFERENCE
2026-03-06,EUR,PLN,4.0252,ECB_REFERENCE
2026-03-06,EUR,RON,4.7824,ECB_REFERENCE
2026-03-06,EUR,EUR,1.0,ECB_REFERENCE
2026-03-07,EUR,PLN,4.0598,ECB_REFERENCE
2026-03-07,EUR,RON,4.8126,ECB_REFERENCE
2026-03-07,EUR,EUR,1.0,ECB_REFERENCE
2026-03-08,EUR,PLN,4.054,ECB_REFERENCE
2026-03-08,EUR,RON,4.8064,ECB_REFERENCE
2026-03-08,EUR,EUR,1.0,ECB_REFERENCE
2026-03-09,EUR,PLN,4.0377,ECB_REFERENCE
2026-03-09,EUR,RON,4.7743,ECB_REFERENCE
2026-03-09,EUR,EUR,1.0,ECB_REFERENCE
2026-03-10,EUR,PLN,4.036,ECB_REFERENCE
2026-03-10,EUR,RON,4.7577,ECB_REFERENCE
2026-03-10,EUR,EUR,1.0,ECB_REFERENCE
2026-03-11,EUR,PLN,4.0348,ECB_REFERENCE
2026-03-11,EUR,RON,4.731,ECB_REFERENCE
2026-03-11,EUR,EUR,1.0,ECB_REFERENCE
2026-03-12,EUR,PLN,4.0241,ECB_REFERENCE
2026-03-12,EUR,RON,4.7335,ECB_REFERENCE
2026-03-12,EUR,EUR,1.0,ECB_REFERENCE
2026-03-13,EUR,PLN,4.0292,ECB_REFERENCE
2026-03-13,EUR,RON,4.7404,ECB_REFERENCE
2026-03-13,EUR,EUR,1.0,ECB_REFERENCE
2026-03-14,EUR,PLN,4.0106,ECB_REFERENCE
2026-03-14,EUR,RON,4.7546,ECB_REFERENCE
2026-03-14,EUR,EUR,1.0,ECB_REFERENCE
2026-03-15,EUR,PLN,3.9994,ECB_REFERENCE
2026-03-15,EUR,RON,4.7651,ECB_REFERENCE
2026-03-15,EUR,EUR,1.0,ECB_REFERENCE
2026-03-16,EUR,PLN,3.9992,ECB_REFERENCE
2026-03-16,EUR,RON,4.7422,ECB_REFERENCE
2026-03-16,EUR,EUR,1.0,ECB_REFERENCE
2026-03-17,EUR,PLN,3.9948,ECB_REFERENCE
2026-03-17,EUR,RON,4.7482,ECB_REFERENCE
2026-03-17,EUR,EUR,1.0,ECB_REFERENCE
2026-03-18,EUR,PLN,4.0034,ECB_REFERENCE
2026-03-18,EUR,RON,4.7459,ECB_REFERENCE
2026-03-18,EUR,EUR,1.0,ECB_REFERENCE
2026-03-19,EUR,PLN,4.0248,ECB_REFERENCE
2026-03-19,EUR,RON,4.7626,ECB_REFERENCE
2026-03-19,EUR,EUR,1.0,ECB_REFERENCE
2026-03-20,EUR,PLN,4.0212,ECB_REFERENCE
2026-03-20,EUR,RON,4.7751,ECB_REFERENCE
2026-03-20,EUR,EUR,1.0,ECB_REFERENCE
2026-03-21,EUR,PLN,4.0484,ECB_REFERENCE
2026-03-21,EUR,RON,4.8079,ECB_REFERENCE
2026-03-21,EUR,EUR,1.0,ECB_REFERENCE
2026-03-22,EUR,PLN,4.031,ECB_REFERENCE
2026-03-22,EUR,RON,4.7923,ECB_REFERENCE
2026-03-22,EUR,EUR,1.0,ECB_REFERENCE
2026-03-23,EUR,PLN,4.052,ECB_REFERENCE
2026-03-23,EUR,RON,4.7745,ECB_REFERENCE
2026-03-23,EUR,EUR,1.0,ECB_REFERENCE
2026-03-24,EUR,PLN,4.0332,ECB_REFERENCE
2026-03-24,EUR,RON,4.7664,ECB_REFERENCE
2026-03-24,EUR,EUR,1.0,ECB_REFERENCE
2026-03-25,EUR,PLN,4.0392,ECB_REFERENCE
2026-03-25,EUR,RON,4.7647,ECB_REFERENCE
2026-03-25,EUR,EUR,1.0,ECB_REFERENCE
2026-03-26,EUR,PLN,4.03,ECB_REFERENCE
2026-03-26,EUR,RON,4.7535,ECB_REFERENCE
2026-03-26,EUR,EUR,1.0,ECB_REFERENCE
2026-03-27,EUR,PLN,4.0199,ECB_REFERENCE
2026-03-27,EUR,RON,4.7388,ECB_REFERENCE
2026-03-27,EUR,EUR,1.0,ECB_REFERENCE
2026-03-28,EUR,PLN,4.052,ECB_REFERENCE
2026-03-28,EUR,RON,4.7438,ECB_REFERENCE
2026-03-28,EUR,EUR,1.0,ECB_REFERENCE
2026-03-29,EUR,PLN,4.0646,ECB_REFERENCE
2026-03-29,EUR,RON,4.7356,ECB_REFERENCE
2026-03-29,EUR,EUR,1.0,ECB_REFERENCE
2026-03-30,EUR,PLN,4.0619,ECB_REFERENCE
2026-03-30,EUR,RON,4.7238,ECB_REFERENCE
2026-03-30,EUR,EUR,1.0,ECB_REFERENCE
2026-03-31,EUR,PLN,4.0242,ECB_REFERENCE
2026-03-31,EUR,RON,4.701,ECB_REFERENCE
2026-03-31,EUR,EUR,1.0,ECB_REFERENCE
2026-04-01,EUR,PLN,3.9987,ECB_REFERENCE
2026-04-01,EUR,RON,4.664,ECB_REFERENCE
2026-04-01,EUR,EUR,1.0,ECB_REFERENCE
2026-04-02,EUR,PLN,3.982,ECB_REFERENCE
2026-04-02,EUR,RON,4.6856,ECB_REFERENCE
2026-04-02,EUR,EUR,1.0,ECB_REFERENCE
2026-04-03,EUR,PLN,3.9814,ECB_REFERENCE
2026-04-03,EUR,RON,4.7068,ECB_REFERENCE
2026-04-03,EUR,EUR,1.0,ECB_REFERENCE
2026-04-04,EUR,PLN,3.9871,ECB_REFERENCE
2026-04-04,EUR,RON,4.7197,ECB_REFERENCE
2026-04-04,EUR,EUR,1.0,ECB_REFERENCE
2026-04-05,EUR,PLN,3.9745,ECB_REFERENCE
2026-04-05,EUR,RON,4.7284,ECB_REFERENCE
2026-04-05,EUR,EUR,1.0,ECB_REFERENCE
2026-04-06,EUR,PLN,3.9847,ECB_REFERENCE
2026-04-06,EUR,RON,4.7188,ECB_REFERENCE
2026-04-06,EUR,EUR,1.0,ECB_REFERENCE
2026-04-07,EUR,PLN,3.9925,ECB_REFERENCE
2026-04-07,EUR,RON,4.7282,ECB_REFERENCE
2026-04-07,EUR,EUR,1.0,ECB_REFERENCE
2026-04-08,EUR,PLN,3.9848,ECB_REFERENCE
2026-04-08,EUR,RON,4.7096,ECB_REFERENCE
2026-04-08,EUR,EUR,1.0,ECB_REFERENCE
2026-04-09,EUR,PLN,3.9683,ECB_REFERENCE
2026-04-09,EUR,RON,4.711,ECB_REFERENCE
2026-04-09,EUR,EUR,1.0,ECB_REFERENCE
2026-04-10,EUR,PLN,3.9728,ECB_REFERENCE
2026-04-10,EUR,RON,4.6979,ECB_REFERENCE
2026-04-10,EUR,EUR,1.0,ECB_REFERENCE
2026-04-11,EUR,PLN,3.9732,ECB_REFERENCE
2026-04-11,EUR,RON,4.7073,ECB_REFERENCE
2026-04-11,EUR,EUR,1.0,ECB_REFERENCE
2026-04-12,EUR,PLN,3.9818,ECB_REFERENCE
2026-04-12,EUR,RON,4.7329,ECB_REFERENCE
2026-04-12,EUR,EUR,1.0,ECB_REFERENCE
2026-04-13,EUR,PLN,3.9996,ECB_REFERENCE
2026-04-13,EUR,RON,4.7163,ECB_REFERENCE
2026-04-13,EUR,EUR,1.0,ECB_REFERENCE
2026-04-14,EUR,PLN,4.0232,ECB_REFERENCE
2026-04-14,EUR,RON,4.7075,ECB_REFERENCE
2026-04-14,EUR,EUR,1.0,ECB_REFERENCE
2026-04-15,EUR,PLN,4.0379,ECB_REFERENCE
2026-04-15,EUR,RON,4.7087,ECB_REFERENCE
2026-04-15,EUR,EUR,1.0,ECB_REFERENCE
2026-04-16,EUR,PLN,4.0321,ECB_REFERENCE
2026-04-16,EUR,RON,4.6789,ECB_REFERENCE
2026-04-16,EUR,EUR,1.0,ECB_REFERENCE
2026-04-17,EUR,PLN,4.0296,ECB_REFERENCE
2026-04-17,EUR,RON,4.6533,ECB_REFERENCE
2026-04-17,EUR,EUR,1.0,ECB_REFERENCE
2026-04-18,EUR,PLN,4.0433,ECB_REFERENCE
2026-04-18,EUR,RON,4.678,ECB_REFERENCE
2026-04-18,EUR,EUR,1.0,ECB_REFERENCE
2026-04-19,EUR,PLN,4.032,ECB_REFERENCE
2026-04-19,EUR,RON,4.683,ECB_REFERENCE
2026-04-19,EUR,EUR,1.0,ECB_REFERENCE
2026-04-20,EUR,PLN,4.0218,ECB_REFERENCE
2026-04-20,EUR,RON,4.6727,ECB_REFERENCE
2026-04-20,EUR,EUR,1.0,ECB_REFERENCE
2026-04-21,EUR,PLN,4.0327,ECB_REFERENCE
2026-04-21,EUR,RON,4.6721,ECB_REFERENCE
2026-04-21,EUR,EUR,1.0,ECB_REFERENCE
2026-04-22,EUR,PLN,4.0572,ECB_REFERENCE
2026-04-22,EUR,RON,4.6642,ECB_REFERENCE
2026-04-22,EUR,EUR,1.0,ECB_REFERENCE
2026-04-23,EUR,PLN,4.0714,ECB_REFERENCE
2026-04-23,EUR,RON,4.6658,ECB_REFERENCE
2026-04-23,EUR,EUR,1.0,ECB_REFERENCE
2026-04-24,EUR,PLN,4.0827,ECB_REFERENCE
2026-04-24,EUR,RON,4.6585,ECB_REFERENCE
2026-04-24,EUR,EUR,1.0,ECB_REFERENCE
2026-04-25,EUR,PLN,4.082,ECB_REFERENCE
2026-04-25,EUR,RON,4.6566,ECB_REFERENCE
2026-04-25,EUR,EUR,1.0,ECB_REFERENCE
2026-04-26,EUR,PLN,4.0701,ECB_REFERENCE
2026-04-26,EUR,RON,4.6674,ECB_REFERENCE
2026-04-26,EUR,EUR,1.0,ECB_REFERENCE
2026-04-27,EUR,PLN,4.0794,ECB_REFERENCE
2026-04-27,EUR,RON,4.6771,ECB_REFERENCE
2026-04-27,EUR,EUR,1.0,ECB_REFERENCE
2026-04-28,EUR,PLN,4.1013,ECB_REFERENCE
2026-04-28,EUR,RON,4.7008,ECB_REFERENCE
2026-04-28,EUR,EUR,1.0,ECB_REFERENCE
2026-04-29,EUR,PLN,4.0959,ECB_REFERENCE
2026-04-29,EUR,RON,4.7069,ECB_REFERENCE
2026-04-29,EUR,EUR,1.0,ECB_REFERENCE
2026-04-30,EUR,PLN,4.087,ECB_REFERENCE
2026-04-30,EUR,RON,4.7073,ECB_REFERENCE
2026-04-30,EUR,EUR,1.0,ECB_REFERENCE
2026-05-01,EUR,PLN,4.0784,ECB_REFERENCE
2026-05-01,EUR,RON,4.734,ECB_REFERENCE
2026-05-01,EUR,EUR,1.0,ECB_REFERENCE
2026-05-02,EUR,PLN,4.0836,ECB_REFERENCE
2026-05-02,EUR,RON,4.7304,ECB_REFERENCE
2026-05-02,EUR,EUR,1.0,ECB_REFERENCE
2026-05-03,EUR,PLN,4.1007,ECB_REFERENCE
2026-05-03,EUR,RON,4.6944,ECB_REFERENCE
2026-05-03,EUR,EUR,1.0,ECB_REFERENCE
2026-05-04,EUR,PLN,4.0717,ECB_REFERENCE
2026-05-04,EUR,RON,4.7075,ECB_REFERENCE
2026-05-04,EUR,EUR,1.0,ECB_REFERENCE
2026-05-05,EUR,PLN,4.0726,ECB_REFERENCE
2026-05-05,EUR,RON,4.7116,ECB_REFERENCE
2026-05-05,EUR,EUR,1.0,ECB_REFERENCE
2026-05-06,EUR,PLN,4.0537,ECB_REFERENCE
2026-05-06,EUR,RON,4.7113,ECB_REFERENCE
2026-05-06,EUR,EUR,1.0,ECB_REFERENCE
2026-05-07,EUR,PLN,4.0821,ECB_REFERENCE
2026-05-07,EUR,RON,4.7249,ECB_REFERENCE
2026-05-07,EUR,EUR,1.0,ECB_REFERENCE
2026-05-08,EUR,PLN,4.0845,ECB_REFERENCE
2026-05-08,EUR,RON,4.7176,ECB_REFERENCE
2026-05-08,EUR,EUR,1.0,ECB_REFERENCE
2026-05-09,EUR,PLN,4.0789,ECB_REFERENCE
2026-05-09,EUR,RON,4.6824,ECB_REFERENCE
2026-05-09,EUR,EUR,1.0,ECB_REFERENCE
2026-05-10,EUR,PLN,4.0826,ECB_REFERENCE
2026-05-10,EUR,RON,4.6963,ECB_REFERENCE
2026-05-10,EUR,EUR,1.0,ECB_REFERENCE
2026-05-11,EUR,PLN,4.0601,ECB_REFERENCE
2026-05-11,EUR,RON,4.6854,ECB_REFERENCE
2026-05-11,EUR,EUR,1.0,ECB_REFERENCE
2026-05-12,EUR,PLN,4.0436,ECB_REFERENCE
2026-05-12,EUR,RON,4.6696,ECB_REFERENCE
2026-05-12,EUR,EUR,1.0,ECB_REFERENCE
2026-05-13,EUR,PLN,4.0444,ECB_REFERENCE
2026-05-13,EUR,RON,4.6355,ECB_REFERENCE
2026-05-13,EUR,EUR,1.0,ECB_REFERENCE
2026-05-14,EUR,PLN,4.0531,ECB_REFERENCE
2026-05-14,EUR,RON,4.6478,ECB_REFERENCE
2026-05-14,EUR,EUR,1.0,ECB_REFERENCE
2026-05-15,EUR,PLN,4.0495,ECB_REFERENCE
2026-05-15,EUR,RON,4.6074,ECB_REFERENCE
2026-05-15,EUR,EUR,1.0,ECB_REFERENCE
2026-05-16,EUR,PLN,4.0354,ECB_REFERENCE
2026-05-16,EUR,RON,4.6273,ECB_REFERENCE
2026-05-16,EUR,EUR,1.0,ECB_REFERENCE
2026-05-17,EUR,PLN,3.9962,ECB_REFERENCE
2026-05-17,EUR,RON,4.6217,ECB_REFERENCE
2026-05-17,EUR,EUR,1.0,ECB_REFERENCE
2026-05-18,EUR,PLN,3.9797,ECB_REFERENCE
2026-05-18,EUR,RON,4.6347,ECB_REFERENCE
2026-05-18,EUR,EUR,1.0,ECB_REFERENCE
2026-05-19,EUR,PLN,3.9702,ECB_REFERENCE
2026-05-19,EUR,RON,4.6412,ECB_REFERENCE
2026-05-19,EUR,EUR,1.0,ECB_REFERENCE
2026-05-20,EUR,PLN,3.9781,ECB_REFERENCE
2026-05-20,EUR,RON,4.6711,ECB_REFERENCE
2026-05-20,EUR,EUR,1.0,ECB_REFERENCE
2026-05-21,EUR,PLN,3.9753,ECB_REFERENCE
2026-05-21,EUR,RON,4.6772,ECB_REFERENCE
2026-05-21,EUR,EUR,1.0,ECB_REFERENCE
2026-05-22,EUR,PLN,3.9546,ECB_REFERENCE
2026-05-22,EUR,RON,4.6967,ECB_REFERENCE
2026-05-22,EUR,EUR,1.0,ECB_REFERENCE
2026-05-23,EUR,PLN,3.9441,ECB_REFERENCE
2026-05-23,EUR,RON,4.6875,ECB_REFERENCE
2026-05-23,EUR,EUR,1.0,ECB_REFERENCE
2026-05-24,EUR,PLN,3.9438,ECB_REFERENCE
2026-05-24,EUR,RON,4.6618,ECB_REFERENCE
2026-05-24,EUR,EUR,1.0,ECB_REFERENCE
2026-05-25,EUR,PLN,3.9469,ECB_REFERENCE
2026-05-25,EUR,RON,4.6776,ECB_REFERENCE
2026-05-25,EUR,EUR,1.0,ECB_REFERENCE
2026-05-26,EUR,PLN,3.951,ECB_REFERENCE
2026-05-26,EUR,RON,4.6516,ECB_REFERENCE
2026-05-26,EUR,EUR,1.0,ECB_REFERENCE
2026-05-27,EUR,PLN,3.9493,ECB_REFERENCE
2026-05-27,EUR,RON,4.6637,ECB_REFERENCE
2026-05-27,EUR,EUR,1.0,ECB_REFERENCE
2026-05-28,EUR,PLN,3.9233,ECB_REFERENCE
2026-05-28,EUR,RON,4.6461,ECB_REFERENCE
2026-05-28,EUR,EUR,1.0,ECB_REFERENCE
2026-05-29,EUR,PLN,3.9354,ECB_REFERENCE
2026-05-29,EUR,RON,4.6505,ECB_REFERENCE
2026-05-29,EUR,EUR,1.0,ECB_REFERENCE
2026-05-30,EUR,PLN,3.941,ECB_REFERENCE
2026-05-30,EUR,RON,4.6808,ECB_REFERENCE
2026-05-30,EUR,EUR,1.0,ECB_REFERENCE
2026-05-31,EUR,PLN,3.9475,ECB_REFERENCE
2026-05-31,EUR,RON,4.6916,ECB_REFERENCE
2026-05-31,EUR,EUR,1.0,ECB_REFERENCE
2026-06-01,EUR,PLN,3.9849,ECB_REFERENCE
2026-06-01,EUR,RON,4.6881,ECB_REFERENCE
2026-06-01,EUR,EUR,1.0,ECB_REFERENCE
2026-06-02,EUR,PLN,3.9738,ECB_REFERENCE
2026-06-02,EUR,RON,4.6951,ECB_REFERENCE
2026-06-02,EUR,EUR,1.0,ECB_REFERENCE
2026-06-03,EUR,PLN,3.9799,ECB_REFERENCE
2026-06-03,EUR,RON,4.6864,ECB_REFERENCE
2026-06-03,EUR,EUR,1.0,ECB_REFERENCE
2026-06-04,EUR,PLN,3.9655,ECB_REFERENCE
2026-06-04,EUR,RON,4.7243,ECB_REFERENCE
2026-06-04,EUR,EUR,1.0,ECB_REFERENCE
2026-06-05,EUR,PLN,3.9701,ECB_REFERENCE
2026-06-05,EUR,RON,4.7122,ECB_REFERENCE
2026-06-05,EUR,EUR,1.0,ECB_REFERENCE
2026-06-06,EUR,PLN,3.9828,ECB_REFERENCE
2026-06-06,EUR,RON,4.7104,ECB_REFERENCE
2026-06-06,EUR,EUR,1.0,ECB_REFERENCE
2026-06-07,EUR,PLN,3.9793,ECB_REFERENCE
2026-06-07,EUR,RON,4.7197,ECB_REFERENCE
2026-06-07,EUR,EUR,1.0,ECB_REFERENCE
2026-06-08,EUR,PLN,3.9613,ECB_REFERENCE
2026-06-08,EUR,RON,4.7255,ECB_REFERENCE
2026-06-08,EUR,EUR,1.0,ECB_REFERENCE
2026-06-09,EUR,PLN,3.9878,ECB_REFERENCE
2026-06-09,EUR,RON,4.7332,ECB_REFERENCE
2026-06-09,EUR,EUR,1.0,ECB_REFERENCE
2026-06-10,EUR,PLN,3.9826,ECB_REFERENCE
2026-06-10,EUR,RON,4.7248,ECB_REFERENCE
2026-06-10,EUR,EUR,1.0,ECB_REFERENCE
2026-06-11,EUR,PLN,3.9768,ECB_REFERENCE
2026-06-11,EUR,RON,4.7206,ECB_REFERENCE
2026-06-11,EUR,EUR,1.0,ECB_REFERENCE
2026-06-12,EUR,PLN,3.9716,ECB_REFERENCE
2026-06-12,EUR,RON,4.7358,ECB_REFERENCE
2026-06-12,EUR,EUR,1.0,ECB_REFERENCE
2026-06-13,EUR,PLN,3.9475,ECB_REFERENCE
2026-06-13,EUR,RON,4.75,ECB_REFERENCE
2026-06-13,EUR,EUR,1.0,ECB_REFERENCE
2026-06-14,EUR,PLN,3.9422,ECB_REFERENCE
2026-06-14,EUR,RON,4.7563,ECB_REFERENCE
2026-06-14,EUR,EUR,1.0,ECB_REFERENCE
2026-06-15,EUR,PLN,3.9267,ECB_REFERENCE
2026-06-15,EUR,RON,4.7784,ECB_REFERENCE
2026-06-15,EUR,EUR,1.0,ECB_REFERENCE
2026-06-16,EUR,PLN,3.9438,ECB_REFERENCE
2026-06-16,EUR,RON,4.7945,ECB_REFERENCE
2026-06-16,EUR,EUR,1.0,ECB_REFERENCE
2026-06-17,EUR,PLN,3.9229,ECB_REFERENCE
2026-06-17,EUR,RON,4.8084,ECB_REFERENCE
2026-06-17,EUR,EUR,1.0,ECB_REFERENCE
2026-06-18,EUR,PLN,3.9285,ECB_REFERENCE
2026-06-18,EUR,RON,4.7814,ECB_REFERENCE
2026-06-18,EUR,EUR,1.0,ECB_REFERENCE
2026-06-19,EUR,PLN,3.9281,ECB_REFERENCE
2026-06-19,EUR,RON,4.7875,ECB_REFERENCE
2026-06-19,EUR,EUR,1.0,ECB_REFERENCE
2026-06-20,EUR,PLN,3.9358,ECB_REFERENCE
2026-06-20,EUR,RON,4.7904,ECB_REFERENCE
2026-06-20,EUR,EUR,1.0,ECB_REFERENCE
2026-06-21,EUR,PLN,3.9398,ECB_REFERENCE
2026-06-21,EUR,RON,4.8151,ECB_REFERENCE
2026-06-21,EUR,EUR,1.0,ECB_REFERENCE
2026-06-22,EUR,PLN,3.9567,ECB_REFERENCE
2026-06-22,EUR,RON,4.7668,ECB_REFERENCE
2026-06-22,EUR,EUR,1.0,ECB_REFERENCE
2026-06-23,EUR,PLN,3.9523,ECB_REFERENCE
2026-06-23,EUR,RON,4.7641,ECB_REFERENCE
2026-06-23,EUR,EUR,1.0,ECB_REFERENCE
2026-06-24,EUR,PLN,3.9281,ECB_REFERENCE
2026-06-24,EUR,RON,4.7657,ECB_REFERENCE
2026-06-24,EUR,EUR,1.0,ECB_REFERENCE
2026-06-25,EUR,PLN,3.9452,ECB_REFERENCE
2026-06-25,EUR,RON,4.7475,ECB_REFERENCE
2026-06-25,EUR,EUR,1.0,ECB_REFERENCE
2026-06-26,EUR,PLN,3.9499,ECB_REFERENCE
2026-06-26,EUR,RON,4.7323,ECB_REFERENCE
2026-06-26,EUR,EUR,1.0,ECB_REFERENCE
2026-06-27,EUR,PLN,3.9406,ECB_REFERENCE
2026-06-27,EUR,RON,4.7568,ECB_REFERENCE
2026-06-27,EUR,EUR,1.0,ECB_REFERENCE
2026-06-28,EUR,PLN,3.9331,ECB_REFERENCE
2026-06-28,EUR,RON,4.7645,ECB_REFERENCE
2026-06-28,EUR,EUR,1.0,ECB_REFERENCE
2026-06-29,EUR,PLN,3.9073,ECB_REFERENCE
2026-06-29,EUR,RON,4.7955,ECB_REFERENCE
2026-06-29,EUR,EUR,1.0,ECB_REFERENCE
2026-06-30,EUR,PLN,3.9156,ECB_REFERENCE
2026-06-30,EUR,RON,4.7925,ECB_REFERENCE
2026-06-30,EUR,EUR,1.0,ECB_REFERENCE
2026-07-01,EUR,PLN,3.9235,ECB_REFERENCE
2026-07-01,EUR,RON,4.7688,ECB_REFERENCE
2026-07-01,EUR,EUR,1.0,ECB_REFERENCE
2026-07-02,EUR,PLN,3.9397,ECB_REFERENCE
2026-07-02,EUR,RON,4.7634,ECB_REFERENCE
2026-07-02,EUR,EUR,1.0,ECB_REFERENCE
2026-07-03,EUR,PLN,3.9369,ECB_REFERENCE
2026-07-03,EUR,RON,4.7552,ECB_REFERENCE
2026-07-03,EUR,EUR,1.0,ECB_REFERENCE
2026-07-04,EUR,PLN,3.9289,ECB_REFERENCE
2026-07-04,EUR,RON,4.7668,ECB_REFERENCE
2026-07-04,EUR,EUR,1.0,ECB_REFERENCE
2026-07-05,EUR,PLN,3.9324,ECB_REFERENCE
2026-07-05,EUR,RON,4.7777,ECB_REFERENCE
2026-07-05,EUR,EUR,1.0,ECB_REFERENCE
2026-07-06,EUR,PLN,3.9323,ECB_REFERENCE
2026-07-06,EUR,RON,4.7862,ECB_REFERENCE
2026-07-06,EUR,EUR,1.0,ECB_REFERENCE
2026-07-07,EUR,PLN,3.9265,ECB_REFERENCE
2026-07-07,EUR,RON,4.8236,ECB_REFERENCE
2026-07-07,EUR,EUR,1.0,ECB_REFERENCE
2026-07-08,EUR,PLN,3.905,ECB_REFERENCE
2026-07-08,EUR,RON,4.8449,ECB_REFERENCE
2026-07-08,EUR,EUR,1.0,ECB_REFERENCE
2026-07-09,EUR,PLN,3.9237,ECB_REFERENCE
2026-07-09,EUR,RON,4.8304,ECB_REFERENCE
2026-07-09,EUR,EUR,1.0,ECB_REFERENCE
2026-07-10,EUR,PLN,3.9543,ECB_REFERENCE
2026-07-10,EUR,RON,4.8473,ECB_REFERENCE
2026-07-10,EUR,EUR,1.0,ECB_REFERENCE
2026-07-11,EUR,PLN,3.9677,ECB_REFERENCE
2026-07-11,EUR,RON,4.8477,ECB_REFERENCE
2026-07-11,EUR,EUR,1.0,ECB_REFERENCE
2026-07-12,EUR,PLN,3.9647,ECB_REFERENCE
2026-07-12,EUR,RON,4.8442,ECB_REFERENCE
2026-07-12,EUR,EUR,1.0,ECB_REFERENCE
2026-07-13,EUR,PLN,3.9701,ECB_REFERENCE
2026-07-13,EUR,RON,4.8679,ECB_REFERENCE
2026-07-13,EUR,EUR,1.0,ECB_REFERENCE
2026-07-14,EUR,PLN,3.9727,ECB_REFERENCE
2026-07-14,EUR,RON,4.8524,ECB_REFERENCE
2026-07-14,EUR,EUR,1.0,ECB_REFERENCE
2026-07-15,EUR,PLN,3.9841,ECB_REFERENCE
2026-07-15,EUR,RON,4.868,ECB_REFERENCE
2026-07-15,EUR,EUR,1.0,ECB_REFERENCE
2026-07-16,EUR,PLN,3.9932,ECB_REFERENCE
2026-07-16,EUR,RON,4.8807,ECB_REFERENCE
2026-07-16,EUR,EUR,1.0,ECB_REFERENCE
2026-07-17,EUR,PLN,3.9895,ECB_REFERENCE
2026-07-17,EUR,RON,4.8649,ECB_REFERENCE
2026-07-17,EUR,EUR,1.0,ECB_REFERENCE
2026-07-18,EUR,PLN,3.9773,ECB_REFERENCE
2026-07-18,EUR,RON,4.837,ECB_REFERENCE
2026-07-18,EUR,EUR,1.0,ECB_REFERENCE
2026-07-19,EUR,PLN,3.9806,ECB_REFERENCE
2026-07-19,EUR,RON,4.8356,ECB_REFERENCE
2026-07-19,EUR,EUR,1.0,ECB_REFERENCE
2026-07-20,EUR,PLN,3.9745,ECB_REFERENCE
2026-07-20,EUR,RON,4.7856,ECB_REFERENCE
2026-07-20,EUR,EUR,1.0,ECB_REFERENCE
2026-07-21,EUR,PLN,3.9572,ECB_REFERENCE
2026-07-21,EUR,RON,4.8044,ECB_REFERENCE
2026-07-21,EUR,EUR,1.0,ECB_REFERENCE
2026-07-22,EUR,PLN,3.9479,ECB_REFERENCE
2026-07-22,EUR,RON,4.8104,ECB_REFERENCE
2026-07-22,EUR,EUR,1.0,ECB_REFERENCE
2026-07-23,EUR,PLN,3.9287,ECB_REFERENCE
2026-07-23,EUR,RON,4.8347,ECB_REFERENCE
2026-07-23,EUR,EUR,1.0,ECB_REFERENCE
2026-07-24,EUR,PLN,3.9267,ECB_REFERENCE
2026-07-24,EUR,RON,4.8396,ECB_REFERENCE
2026-07-24,EUR,EUR,1.0,ECB_REFERENCE
2026-07-25,EUR,PLN,3.9587,ECB_REFERENCE
2026-07-25,EUR,RON,4.8653,ECB_REFERENCE
2026-07-25,EUR,EUR,1.0,ECB_REFERENCE
2026-07-26,EUR,PLN,3.9545,ECB_REFERENCE
2026-07-26,EUR,RON,4.8551,ECB_REFERENCE
2026-07-26,EUR,EUR,1.0,ECB_REFERENCE
2026-07-27,EUR,PLN,3.95,ECB_REFERENCE
2026-07-27,EUR,RON,4.8638,ECB_REFERENCE
2026-07-27,EUR,EUR,1.0,ECB_REFERENCE
2026-07-28,EUR,PLN,3.9485,ECB_REFERENCE
2026-07-28,EUR,RON,4.8571,ECB_REFERENCE
2026-07-28,EUR,EUR,1.0,ECB_REFERENCE
2026-07-29,EUR,PLN,3.9688,ECB_REFERENCE
2026-07-29,EUR,RON,4.8551,ECB_REFERENCE
2026-07-29,EUR,EUR,1.0,ECB_REFERENCE
2026-07-30,EUR,PLN,4.0007,ECB_REFERENCE
2026-07-30,EUR,RON,4.8567,ECB_REFERENCE
2026-07-30,EUR,EUR,1.0,ECB_REFERENCE
2026-07-31,EUR,PLN,4.0257,ECB_REFERENCE
2026-07-31,EUR,RON,4.8628,ECB_REFERENCE
2026-07-31,EUR,EUR,1.0,ECB_REFERENCE
2026-08-01,EUR,PLN,4.0393,ECB_REFERENCE
2026-08-01,EUR,RON,4.8504,ECB_REFERENCE
2026-08-01,EUR,EUR,1.0,ECB_REFERENCE
